<?xml version="1.0" encoding="UTF-8" standalone="yes"?>
<IATA_AirShoppingRQ xmlns="http://www.iata.org/IATA/2015/00/2019.2/IATA_AirShoppingRQ">
    <Party>
        <Sender>
            <TravelAgency>
                <AgencyID>agency1234</AgencyID>
            </TravelAgency>
        </Sender>
    </Party>
    <PayloadAttributes>
        <CorrelationID>74bc0380-990f-3d7a-8c4f-b5192829d211</CorrelationID>
        <PrimaryLangID>FR</PrimaryLangID>
        <VersionNumber>19.2</VersionNumber>
    </PayloadAttributes>
    <Request>
        <FlightCriteria>
            <OriginDestCriteria>
                <DestArrivalCriteria>
                    <IATA_LocationCode>BCN</IATA_LocationCode>
                </DestArrivalCriteria>
                <OriginDepCriteria>
                    <Date>2021-06-05</Date>
                    <IATA_LocationCode>LON</IATA_LocationCode>
                </OriginDepCriteria>
                <OriginDestID>OD1</OriginDestID>
            </OriginDestCriteria>
            <OriginDestCriteria>
                <DestArrivalCriteria>
                    <IATA_LocationCode>LON</IATA_LocationCode>
                </DestArrivalCriteria>
                <OriginDepCriteria>
                    <Date>2021-06-10</Date>
                    <IATA_LocationCode>BCN</IATA_LocationCode>
                </OriginDepCriteria>
                <OriginDestID>OD2</OriginDestID>
            </OriginDestCriteria>
        </FlightCriteria>
        <Paxs>
            <Pax>
                <PaxID>PAX1</PaxID>
                <PTC>ADT</PTC>
            </Pax>
            <Pax>
                <PaxID>PAX2</PaxID>
                <PTC>ADT</PTC>
            </Pax>
        </Paxs>
        <ResponseParameters>
            <CurParameter>
                <RequestedCurCode>EUR</RequestedCurCode>
            </CurParameter>
            <LangUsage>
                <LangCode>fr</LangCode>
            </LangUsage>
        </ResponseParameters>
        <ShoppingCriteria>
            <CabinTypeCriteria>
                <CabinTypeName>ECONOMY</CabinTypeName>
            </CabinTypeCriteria>
        </ShoppingCriteria>
    </Request>
</IATA_AirShoppingRQ>