<?xml version="1.0" encoding="UTF-8" standalone="yes"?>
<IATA_OfferPriceRQ xmlns="http://www.iata.org/IATA/2015/00/2019.2/IATA_OfferPriceRQ">
    <Party>
        <Sender>
            <TravelAgency>
                <AgencyID>agency1234</AgencyID>
            </TravelAgency>
        </Sender>
    </Party>
    <PayloadAttributes>
        <CorrelationID>74bc0380-990f-3d7a-8c4f-b5192829d211</CorrelationID>
        <PrimaryLangID>FR</PrimaryLangID>
        <VersionNumber>19.2</VersionNumber>
    </PayloadAttributes>
    <Request>
        <DataLists>
            <PaxList>
                <Pax>
                    <PaxID>PAX1</PaxID>
                    <PTC>ADT</PTC>
                </Pax>
                <Pax>
                    <PaxID>PAX2</PaxID>
                    <PTC>ADT</PTC>
                </Pax>
            </PaxList>
        </DataLists>
        <OfferPriceParameters>
            <CurParameter/>
        </OfferPriceParameters>
        <PricedOffer>
            <SelectedOffer>
                <OfferRefID>1cd7d1cd-dce7-4423-9683-6e9611401f79</OfferRefID>
                <OwnerCode>BA</OwnerCode>
                <SelectedOfferItem>
                    <OfferItemRefID>c7a99b06-ae24-4cc9-b2dc-75cfa68950a2</OfferItemRefID>
                    <PaxRefID>PAX1</PaxRefID>
                    <PaxRefID>PAX2</PaxRefID>
                </SelectedOfferItem>
                <ShoppingResponseRefID>0a56e442-45d0-47fc-aaae-0ade63f30bbe</ShoppingResponseRefID>
            </SelectedOffer>
        </PricedOffer>
    </Request>
</IATA_OfferPriceRQ>