<?xml version="1.0" encoding="UTF-8" standalone="yes"?>
<IATA_OfferPriceRS xmlns="http://www.iata.org/IATA/2015/00/2019.2/IATA_OfferPriceRS">
    <Response>
        <DataLists>
            <BaggageAllowanceList>
                <BaggageAllowance>
                    <BaggageAllowanceID>BA1</BaggageAllowanceID>
                    <PieceAllowance>
                        <ApplicablePartyText>Traveler</ApplicablePartyText>
                        <TotalQty>0</TotalQty>
                    </PieceAllowance>
                    <TypeCode>Checked</TypeCode>
                </BaggageAllowance>
            </BaggageAllowanceList>
            <OriginDestList>
                <OriginDest>
                    <DestCode>BCN</DestCode>
                    <OriginCode>LHR</OriginCode>
                    <OriginDestID>OD1</OriginDestID>
                    <PaxJourneyRefID>PJ1</PaxJourneyRefID>
                </OriginDest>
                <OriginDest>
                    <DestCode>LHR</DestCode>
                    <OriginCode>BCN</OriginCode>
                    <OriginDestID>OD2</OriginDestID>
                    <PaxJourneyRefID>PJ2</PaxJourneyRefID>
                </OriginDest>
            </OriginDestList>
            <PaxJourneyList>
                <PaxJourney>
                    <Duration>P0Y0M0DT2H5M0S</Duration>
                    <PaxJourneyID>PJ1</PaxJourneyID>
                    <PaxSegmentRefID>SEG1</PaxSegmentRefID>
                </PaxJourney>
                <PaxJourney>
                    <Duration>P0Y0M0DT2H15M0S</Duration>
                    <PaxJourneyID>PJ2</PaxJourneyID>
                    <PaxSegmentRefID>SEG2</PaxSegmentRefID>
                </PaxJourney>
            </PaxJourneyList>
            <PaxList>
                <Pax>
                    <PaxID>PAX1</PaxID>
                    <PTC>ADT</PTC>
                </Pax>
                <Pax>
                    <PaxID>PAX2</PaxID>
                    <PTC>ADT</PTC>
                </Pax>
            </PaxList>
            <PaxSegmentList>
                <PaxSegment>
                    <Arrival>
                        <AircraftScheduledDateTime>2021-06-05T09:20:00</AircraftScheduledDateTime>
                        <IATA_LocationCode>BCN</IATA_LocationCode>
                        <TerminalName>1</TerminalName>
                    </Arrival>
                    <DatedOperatingLeg>
                        <Arrival/>
                        <CarrierAircraftType>
                            <CarrierAircraftTypeCode>320</CarrierAircraftTypeCode>
                        </CarrierAircraftType>
                        <Dep/>
                    </DatedOperatingLeg>
                    <Dep>
                        <AircraftScheduledDateTime>2021-06-05T06:15:00</AircraftScheduledDateTime>
                        <IATA_LocationCode>LHR</IATA_LocationCode>
                        <TerminalName>3</TerminalName>
                    </Dep>
                    <Duration>P0Y0M0DT2H5M0S</Duration>
                    <MarketingCarrierInfo>
                        <CarrierDesigCode>BA</CarrierDesigCode>
                        <MarketingCarrierFlightNumberText>0472</MarketingCarrierFlightNumberText>
                    </MarketingCarrierInfo>
                    <OperatingCarrierInfo>
                        <CarrierDesigCode>BA</CarrierDesigCode>
                    </OperatingCarrierInfo>
                    <PaxSegmentID>SEG1</PaxSegmentID>
                </PaxSegment>
                <PaxSegment>
                    <Arrival>
                        <AircraftScheduledDateTime>2021-06-10T18:20:00</AircraftScheduledDateTime>
                        <IATA_LocationCode>LHR</IATA_LocationCode>
                        <TerminalName>3</TerminalName>
                    </Arrival>
                    <DatedOperatingLeg>
                        <Arrival/>
                        <CarrierAircraftType>
                            <CarrierAircraftTypeCode>320</CarrierAircraftTypeCode>
                        </CarrierAircraftType>
                        <Dep/>
                    </DatedOperatingLeg>
                    <Dep>
                        <AircraftScheduledDateTime>2021-06-10T17:05:00</AircraftScheduledDateTime>
                        <IATA_LocationCode>BCN</IATA_LocationCode>
                        <TerminalName>1</TerminalName>
                    </Dep>
                    <Duration>P0Y0M0DT2H15M0S</Duration>
                    <MarketingCarrierInfo>
                        <CarrierDesigCode>BA</CarrierDesigCode>
                        <MarketingCarrierFlightNumberText>0407</MarketingCarrierFlightNumberText>
                    </MarketingCarrierInfo>
                    <OperatingCarrierInfo>
                        <CarrierDesigCode>BA</CarrierDesigCode>
                    </OperatingCarrierInfo>
                    <PaxSegmentID>SEG2</PaxSegmentID>
                </PaxSegment>
            </PaxSegmentList>
            <PriceClassList>
                <PriceClass>
                    <CabinType>
                        <CabinTypeName>ECONOMY</CabinTypeName>
                    </CabinType>
                    <Desc>
                        <DescText>Bagage à main uniquement</DescText>
                    </Desc>
                    <Desc>
                        <DescText>Dernier à embarquer</DescText>
                    </Desc>
                    <Desc>
                        <DescText>Sièges attribués ou payez pour choisir votre siège quand vous le souhaitez</DescText>
                    </Desc>
                    <Name>BASIC</Name>
                    <PriceClassID>PC1</PriceClassID>
                </PriceClass>
            </PriceClassList>
        </DataLists>
        <PaymentFunctions>
            <PaymentSupportedMethod>
                <TypeCode>Cash</TypeCode>
            </PaymentSupportedMethod>
        </PaymentFunctions>
        <PricedOffer>
            <BaggageAllowance>
                <BaggageAllowanceRefID>BA1</BaggageAllowanceRefID>
                <BaggageFlightAssociations>
                    <PaxSegmentRefID>SEG1</PaxSegmentRefID>
                    <PaxSegmentRefID>SEG2</PaxSegmentRefID>
                </BaggageFlightAssociations>
                <PaxRefID>PAX1</PaxRefID>
                <PaxRefID>PAX2</PaxRefID>
            </BaggageAllowance>
            <JourneyOverview>
                <JourneyPriceClass>
                    <PaxJourneyRefID>PJ1</PaxJourneyRefID>
                    <PriceClassRefID>PC1</PriceClassRefID>
                </JourneyPriceClass>
                <JourneyPriceClass>
                    <PaxJourneyRefID>PJ2</PaxJourneyRefID>
                    <PriceClassRefID>PC1</PriceClassRefID>
                </JourneyPriceClass>
            </JourneyOverview>
            <OfferID>3a2ba764-a57c-49c3-92df-7ee72ce27fbb</OfferID>
            <OfferItem>
                <FareDetail>
                    <FareComponent>
                        <CabinType>
                            <CabinTypeCode>L</CabinTypeCode>
                            <CabinTypeName>ECONOMY</CabinTypeName>
                        </CabinType>
                        <PaxSegmentRefID>SEG1</PaxSegmentRefID>
                        <PriceClassRefID>PC1</PriceClassRefID>
                    </FareComponent>
                    <FareComponent>
                        <CabinType>
                            <CabinTypeCode>L</CabinTypeCode>
                            <CabinTypeName>ECONOMY</CabinTypeName>
                        </CabinType>
                        <PaxSegmentRefID>SEG2</PaxSegmentRefID>
                        <PriceClassRefID>PC1</PriceClassRefID>
                    </FareComponent>
                    <FarePriceType>
                        <Price>
                            <BaseAmount CurCode="EUR">283.20000000000000000000</BaseAmount>
                            <TotalAmount CurCode="EUR">283.20000000000000000000</TotalAmount>
                        </Price>
                    </FarePriceType>
                    <PaxRefID>PAX1</PaxRefID>
                    <PaxRefID>PAX2</PaxRefID>
                </FareDetail>
                <OfferItemID>84dbf574-f705-452c-a674-b4c40e6d7fe8</OfferItemID>
                <Price>
                    <BaseAmount CurCode="EUR">566.40000000000000000000</BaseAmount>
                    <TotalAmount CurCode="EUR">566.40000000000000000000</TotalAmount>
                </Price>
                <Service>
                    <PaxRefID>PAX1</PaxRefID>
                    <PaxRefID>PAX2</PaxRefID>
                    <ServiceAssociations>
                        <PaxJourneyRefID>PJ1</PaxJourneyRefID>
                        <PaxJourneyRefID>PJ2</PaxJourneyRefID>
                    </ServiceAssociations>
                    <ServiceID>SV403</ServiceID>
                </Service>
            </OfferItem>
            <OfferItem>
                <FareDetail>
                    <FareComponent>
                        <CabinType>
                            <CabinTypeCode>L</CabinTypeCode>
                            <CabinTypeName>ECONOMY</CabinTypeName>
                        </CabinType>
                        <PaxSegmentRefID>SEG1</PaxSegmentRefID>
                        <PriceClassRefID>PC1</PriceClassRefID>
                    </FareComponent>
                    <FareComponent>
                        <CabinType>
                            <CabinTypeCode>L</CabinTypeCode>
                            <CabinTypeName>ECONOMY</CabinTypeName>
                        </CabinType>
                        <PaxSegmentRefID>SEG2</PaxSegmentRefID>
                        <PriceClassRefID>PC1</PriceClassRefID>
                    </FareComponent>
                    <FarePriceType>
                        <Price>
                            <BaseAmount>0</BaseAmount>
                            <TaxSummary>
                                <Tax>
                                    <Amount CurCode="EUR">61.95500000000000000000</Amount>
                                    <TaxCode>GENERAL_TAXES_PAX_1_2</TaxCode>
                                    <TaxName>Taxes - PAX1,2</TaxName>
                                </Tax>
                                <TotalTaxAmount CurCode="EUR">61.95500000000000000000</TotalTaxAmount>
                            </TaxSummary>
                            <TotalAmount CurCode="EUR">61.95500000000000000000</TotalAmount>
                        </Price>
                    </FarePriceType>
                    <PaxRefID>PAX1</PaxRefID>
                    <PaxRefID>PAX2</PaxRefID>
                </FareDetail>
                <OfferItemID>084b0daa-8853-48e3-a8db-442d2f3cff88</OfferItemID>
                <Price>
                    <BaseAmount>0</BaseAmount>
                    <TotalAmount CurCode="EUR">123.91000000000000000000</TotalAmount>
                </Price>
                <Service>
                    <PaxRefID>PAX1</PaxRefID>
                    <PaxRefID>PAX2</PaxRefID>
                    <ServiceAssociations>
                        <PaxJourneyRefID>PJ1</PaxJourneyRefID>
                        <PaxJourneyRefID>PJ2</PaxJourneyRefID>
                    </ServiceAssociations>
                    <ServiceID>SV404</ServiceID>
                </Service>
            </OfferItem>
            <TotalPrice>
                <BaseAmount CurCode="EUR">566.40000000000000000000</BaseAmount>
                <TaxSummary>
                    <Tax>
                        <Amount CurCode="EUR">123.91000000000000000000</Amount>
                        <TaxCode>GENERAL_TAXES_PAX_1_2</TaxCode>
                        <TaxName>Taxes - PAX1,2</TaxName>
                    </Tax>
                    <TotalTaxAmount CurCode="EUR">123.91000000000000000000</TotalTaxAmount>
                </TaxSummary>
                <TotalAmount CurCode="EUR">690.31000000000000000000</TotalAmount>
            </TotalPrice>
        </PricedOffer>
        <ShoppingResponse>
            <ShoppingResponseRefID>0a56e442-45d0-47fc-aaae-0ade63f30bbe</ShoppingResponseRefID>
        </ShoppingResponse>
        <Warning>
            <Code>SUPPLIER_WARN</Code>
            <DescText>Allowed forms of payment for these offer(s) - Cash and Card</DescText>
            <OwnerName>BRITISH_AIRWAYS</OwnerName>
        </Warning>
        <Warning>
            <Code>SUPPLIER_WARN</Code>
            <DescText>Paid ancillary seat prices are not guaranteed and may change during post sale</DescText>
            <OwnerName>BRITISH_AIRWAYS</OwnerName>
        </Warning>
    </Response>
    <PayloadAttributes>
        <CorrelationID>74bc0380-990f-3d7a-8c4f-b5192829d211</CorrelationID>
        <Timestamp>2021-02-04T09:37:37.129+01:00</Timestamp>
        <VersionNumber>19.2</VersionNumber>
    </PayloadAttributes>
</IATA_OfferPriceRS>