<?xml version="1.0" encoding="UTF-8" standalone="yes"?>
<IATA_OrderCreateRQ xmlns="http://www.iata.org/IATA/2015/00/2019.2/IATA_OrderCreateRQ">
    <Party>
        <Sender>
            <TravelAgency>
                <AgencyID>agency1234</AgencyID>
            </TravelAgency>
        </Sender>
    </Party>
    <PayloadAttributes>
        <CorrelationID>74bc0380-990f-3d7a-8c4f-b5192829d211</CorrelationID>
        <PrimaryLangID>FR</PrimaryLangID>
        <VersionNumber>19.2</VersionNumber>
    </PayloadAttributes>
    <Request>
        <CreateOrder>
            <SelectedOffer>
                <OfferRefID>3a2ba764-a57c-49c3-92df-7ee72ce27fbb</OfferRefID>
                <OwnerCode>BA</OwnerCode>
                <SelectedOfferItem>
                    <OfferItemRefID>84dbf574-f705-452c-a674-b4c40e6d7fe8</OfferItemRefID>
                    <PaxRefID>PAX1</PaxRefID>
                    <PaxRefID>PAX2</PaxRefID>
                </SelectedOfferItem>
                <ShoppingResponseRefID>0a56e442-45d0-47fc-aaae-0ade63f30bbe</ShoppingResponseRefID>
            </SelectedOffer>
        </CreateOrder>
        <DataLists>
            <ContactInfoList>
                <ContactInfo>
                    <ContactInfoID>CONT1</ContactInfoID>
                    <EmailAddress>
                        <EmailAddressText>florian.garnier@orchestra.eu</EmailAddressText>
                    </EmailAddress>
                    <Phone>
                        <AreaCodeNumber></AreaCodeNumber>
                        <CountryDialingCode>33</CountryDialingCode>
                        <PhoneNumber>0622761972</PhoneNumber>
                    </Phone>
                    <PostalAddress>
                        <CityName>Paris</CityName>
                        <CountryCode>FR</CountryCode>
                        <PostalCode>75002</PostalCode>
                        <StreetText>38 avenue de l'opera</StreetText>
                    </PostalAddress>
                </ContactInfo>
            </ContactInfoList>
            <PaxList>
                <Pax>
                    <Birthdate>1986-02-02</Birthdate>
                    <ContactInfoRefID>CONT1</ContactInfoRefID>
                    <Individual>
                        <Birthdate>1986-02-02</Birthdate>
                        <GenderCode>M</GenderCode>
                        <GivenName>Florian</GivenName>
                        <IndividualID>IND1</IndividualID>
                        <Surname>Garnier</Surname>
                        <TitleName>MR</TitleName>
                    </Individual>
                    <PaxID>PAX1</PaxID>
                    <PTC>ADT</PTC>
                </Pax>
                <Pax>
                    <Birthdate>1986-03-03</Birthdate>
                    <ContactInfoRefID>CONT1</ContactInfoRefID>
                    <Individual>
                        <Birthdate>1986-03-03</Birthdate>
                        <GenderCode>F</GenderCode>
                        <GivenName>Floria</GivenName>
                        <IndividualID>IND2</IndividualID>
                        <Surname>Garnier</Surname>
                        <TitleName>MRS</TitleName>
                    </Individual>
                    <PaxID>PAX2</PaxID>
                    <PTC>ADT</PTC>
                </Pax>
            </PaxList>
        </DataLists>
    </Request>
</IATA_OrderCreateRQ>