<?xml version="1.0" encoding="UTF-8" standalone="yes"?>
<IATA_OrderViewRS xmlns="http://www.iata.org/IATA/2015/00/2019.2/IATA_OrderViewRS">
    <Response>
        <DataLists>
            <ContactInfoList>
                <ContactInfo>
                    <ContactInfoID>CONT1</ContactInfoID>
                    <EmailAddress>
                        <EmailAddressText>florian.garnier@orchestra.eu</EmailAddressText>
                    </EmailAddress>
                    <Phone>
                        <PhoneNumber>0622761972</PhoneNumber>
                    </Phone>
                    <PostalAddress>
                        <CityName>Paris</CityName>
                        <CountryCode>FR</CountryCode>
                        <PostalCode>75002</PostalCode>
                        <StreetText>38 avenue de l'opera</StreetText>
                    </PostalAddress>
                </ContactInfo>
            </ContactInfoList>
            <OriginDestList>
                <OriginDest>
                    <DestCode>BCN</DestCode>
                    <OriginCode>LHR</OriginCode>
                    <OriginDestID>OD1</OriginDestID>
                    <PaxJourneyRefID>PJ1</PaxJourneyRefID>
                </OriginDest>
                <OriginDest>
                    <DestCode>LHR</DestCode>
                    <OriginCode>BCN</OriginCode>
                    <OriginDestID>OD2</OriginDestID>
                    <PaxJourneyRefID>PJ2</PaxJourneyRefID>
                </OriginDest>
            </OriginDestList>
            <PaxJourneyList>
                <PaxJourney>
                    <Duration>P0Y0M0DT2H5M0S</Duration>
                    <PaxJourneyID>PJ1</PaxJourneyID>
                    <PaxSegmentRefID>SEG1</PaxSegmentRefID>
                </PaxJourney>
                <PaxJourney>
                    <Duration>P0Y0M0DT2H15M0S</Duration>
                    <PaxJourneyID>PJ2</PaxJourneyID>
                    <PaxSegmentRefID>SEG2</PaxSegmentRefID>
                </PaxJourney>
            </PaxJourneyList>
            <PaxList>
                <Pax>
                    <Birthdate>1986-02-02</Birthdate>
                    <ContactInfoRefID>CONT1</ContactInfoRefID>
                    <PaxID>PAX1</PaxID>
                    <PTC>ADT</PTC>
                </Pax>
                <Pax>
                    <Birthdate>1986-03-03</Birthdate>
                    <ContactInfoRefID>CONT1</ContactInfoRefID>
                    <PaxID>PAX2</PaxID>
                    <PTC>ADT</PTC>
                </Pax>
            </PaxList>
            <PaxSegmentList>
                <PaxSegment>
                    <Arrival>
                        <AircraftScheduledDateTime>2021-06-05T09:20:00</AircraftScheduledDateTime>
                        <IATA_LocationCode>BCN</IATA_LocationCode>
                        <TerminalName>1</TerminalName>
                    </Arrival>
                    <DatedOperatingLeg>
                        <Arrival/>
                        <CarrierAircraftType>
                            <CarrierAircraftTypeCode>320</CarrierAircraftTypeCode>
                        </CarrierAircraftType>
                        <Dep/>
                    </DatedOperatingLeg>
                    <Dep>
                        <AircraftScheduledDateTime>2021-06-05T06:15:00</AircraftScheduledDateTime>
                        <IATA_LocationCode>LHR</IATA_LocationCode>
                        <TerminalName>3</TerminalName>
                    </Dep>
                    <Duration>P0Y0M0DT2H5M0S</Duration>
                    <MarketingCarrierInfo>
                        <CarrierDesigCode>BA</CarrierDesigCode>
                        <MarketingCarrierFlightNumberText>0472</MarketingCarrierFlightNumberText>
                    </MarketingCarrierInfo>
                    <OperatingCarrierInfo>
                        <CarrierDesigCode>BA</CarrierDesigCode>
                    </OperatingCarrierInfo>
                    <PaxSegmentID>SEG1</PaxSegmentID>
                </PaxSegment>
                <PaxSegment>
                    <Arrival>
                        <AircraftScheduledDateTime>2021-06-10T18:20:00</AircraftScheduledDateTime>
                        <IATA_LocationCode>LHR</IATA_LocationCode>
                        <TerminalName>3</TerminalName>
                    </Arrival>
                    <DatedOperatingLeg>
                        <Arrival/>
                        <CarrierAircraftType>
                            <CarrierAircraftTypeCode>320</CarrierAircraftTypeCode>
                        </CarrierAircraftType>
                        <Dep/>
                    </DatedOperatingLeg>
                    <Dep>
                        <AircraftScheduledDateTime>2021-06-10T17:05:00</AircraftScheduledDateTime>
                        <IATA_LocationCode>BCN</IATA_LocationCode>
                        <TerminalName>1</TerminalName>
                    </Dep>
                    <Duration>P0Y0M0DT2H15M0S</Duration>
                    <MarketingCarrierInfo>
                        <CarrierDesigCode>BA</CarrierDesigCode>
                        <MarketingCarrierFlightNumberText>0407</MarketingCarrierFlightNumberText>
                    </MarketingCarrierInfo>
                    <OperatingCarrierInfo>
                        <CarrierDesigCode>BA</CarrierDesigCode>
                    </OperatingCarrierInfo>
                    <PaxSegmentID>SEG2</PaxSegmentID>
                </PaxSegment>
            </PaxSegmentList>
            <PriceClassList>
                <PriceClass>
                    <CabinType>
                        <CabinTypeName>ECONOMY</CabinTypeName>
                    </CabinType>
                    <Desc>
                        <DescText>Bagage à main uniquement</DescText>
                    </Desc>
                    <Desc>
                        <DescText>Dernier à embarquer</DescText>
                    </Desc>
                    <Desc>
                        <DescText>Sièges attribués ou payez pour choisir votre siège quand vous le souhaitez</DescText>
                    </Desc>
                    <Name>BASIC</Name>
                    <PriceClassID>PC1</PriceClassID>
                </PriceClass>
            </PriceClassList>
        </DataLists>
        <Order>
            <BookingRef>
                <BookingEntity>
                    <Carrier>
                        <AirlineDesigCode>BA</AirlineDesigCode>
                    </Carrier>
                </BookingEntity>
                <BookingID>T72IXL</BookingID>
            </BookingRef>
            <BookingRef>
                <BookingEntity>
                    <Org>
                        <OrgID>ORCHESTRA</OrgID>
                    </Org>
                </BookingEntity>
                <BookingID>BA-T72IXL</BookingID>
            </BookingRef>
            <OrderID>544755</OrderID>
            <OrderItem>
                <FareDetail>
                    <FareComponent>
                        <CabinType>
                            <CabinTypeCode>L</CabinTypeCode>
                            <CabinTypeName>ECONOMY</CabinTypeName>
                        </CabinType>
                        <PaxSegmentRefID>SEG1</PaxSegmentRefID>
                        <PriceClassRefID>PC1</PriceClassRefID>
                    </FareComponent>
                    <FareComponent>
                        <CabinType>
                            <CabinTypeCode>L</CabinTypeCode>
                            <CabinTypeName>ECONOMY</CabinTypeName>
                        </CabinType>
                        <PaxSegmentRefID>SEG2</PaxSegmentRefID>
                        <PriceClassRefID>PC1</PriceClassRefID>
                    </FareComponent>
                    <FarePriceType>
                        <Price>
                            <BaseAmount CurCode="EUR">283.20000000000000000000</BaseAmount>
                            <TotalAmount CurCode="EUR">283.20000000000000000000</TotalAmount>
                        </Price>
                    </FarePriceType>
                    <PaxRefID>PAX2</PaxRefID>
                </FareDetail>
                <OrderItemID>2735f15d-ac79-42bd-8738-c08443b919ad</OrderItemID>
                <PaymentTimeLimitDateTime>2021-02-05T00:59:00.000</PaymentTimeLimitDateTime>
                <Price>
                    <BaseAmount CurCode="EUR">283.20000000000000000000</BaseAmount>
                    <TotalAmount CurCode="EUR">283.20000000000000000000</TotalAmount>
                </Price>
                <Service>
                    <PaxRefID>PAX2</PaxRefID>
                    <ServiceAssociations>
                        <PaxSegmentRefID>SEG1</PaxSegmentRefID>
                    </ServiceAssociations>
                    <ServiceID>SV405</ServiceID>
                    <StatusCode>K</StatusCode>
                </Service>
                <Service>
                    <PaxRefID>PAX2</PaxRefID>
                    <ServiceAssociations>
                        <PaxSegmentRefID>SEG2</PaxSegmentRefID>
                    </ServiceAssociations>
                    <ServiceID>SV406</ServiceID>
                    <StatusCode>K</StatusCode>
                </Service>
            </OrderItem>
            <OrderItem>
                <FareDetail>
                    <FareComponent>
                        <CabinType>
                            <CabinTypeCode>L</CabinTypeCode>
                            <CabinTypeName>ECONOMY</CabinTypeName>
                        </CabinType>
                        <PaxSegmentRefID>SEG1</PaxSegmentRefID>
                        <PriceClassRefID>PC1</PriceClassRefID>
                    </FareComponent>
                    <FareComponent>
                        <CabinType>
                            <CabinTypeCode>L</CabinTypeCode>
                            <CabinTypeName>ECONOMY</CabinTypeName>
                        </CabinType>
                        <PaxSegmentRefID>SEG2</PaxSegmentRefID>
                        <PriceClassRefID>PC1</PriceClassRefID>
                    </FareComponent>
                    <FarePriceType>
                        <Price>
                            <BaseAmount CurCode="EUR">283.20000000000000000000</BaseAmount>
                            <TotalAmount CurCode="EUR">283.20000000000000000000</TotalAmount>
                        </Price>
                    </FarePriceType>
                    <PaxRefID>PAX1</PaxRefID>
                </FareDetail>
                <OrderItemID>e48f8dc7-341a-4ef6-8c63-964f30e98350</OrderItemID>
                <PaymentTimeLimitDateTime>2021-02-05T00:59:00.000</PaymentTimeLimitDateTime>
                <Price>
                    <BaseAmount CurCode="EUR">283.20000000000000000000</BaseAmount>
                    <TotalAmount CurCode="EUR">283.20000000000000000000</TotalAmount>
                </Price>
                <Service>
                    <PaxRefID>PAX1</PaxRefID>
                    <ServiceAssociations>
                        <PaxSegmentRefID>SEG1</PaxSegmentRefID>
                    </ServiceAssociations>
                    <ServiceID>SV407</ServiceID>
                    <StatusCode>K</StatusCode>
                </Service>
                <Service>
                    <PaxRefID>PAX1</PaxRefID>
                    <ServiceAssociations>
                        <PaxSegmentRefID>SEG2</PaxSegmentRefID>
                    </ServiceAssociations>
                    <ServiceID>SV408</ServiceID>
                    <StatusCode>K</StatusCode>
                </Service>
            </OrderItem>
            <OrderItem>
                <FareDetail>
                    <FareComponent>
                        <CabinType>
                            <CabinTypeCode>L</CabinTypeCode>
                            <CabinTypeName>ECONOMY</CabinTypeName>
                        </CabinType>
                        <PaxSegmentRefID>SEG1</PaxSegmentRefID>
                        <PriceClassRefID>PC1</PriceClassRefID>
                    </FareComponent>
                    <FareComponent>
                        <CabinType>
                            <CabinTypeCode>L</CabinTypeCode>
                            <CabinTypeName>ECONOMY</CabinTypeName>
                        </CabinType>
                        <PaxSegmentRefID>SEG2</PaxSegmentRefID>
                        <PriceClassRefID>PC1</PriceClassRefID>
                    </FareComponent>
                    <FarePriceType>
                        <Price>
                            <BaseAmount>0</BaseAmount>
                            <TaxSummary>
                                <Tax>
                                    <Amount CurCode="EUR">61.96000000000000000000</Amount>
                                    <TaxCode>GENERAL_TAXES_PAX_2</TaxCode>
                                    <TaxName>Taxes - PAX2</TaxName>
                                </Tax>
                                <TotalTaxAmount CurCode="EUR">61.96000000000000000000</TotalTaxAmount>
                            </TaxSummary>
                            <TotalAmount CurCode="EUR">61.96000000000000000000</TotalAmount>
                        </Price>
                    </FarePriceType>
                    <PaxRefID>PAX2</PaxRefID>
                </FareDetail>
                <OrderItemID>bd784ad7-9a01-40e2-8213-747a658db921</OrderItemID>
                <PaymentTimeLimitDateTime>2021-02-05T00:59:00.000</PaymentTimeLimitDateTime>
                <Price>
                    <BaseAmount>0</BaseAmount>
                    <TotalAmount CurCode="EUR">61.96000000000000000000</TotalAmount>
                </Price>
                <Service>
                    <PaxRefID>PAX2</PaxRefID>
                    <ServiceAssociations>
                        <PaxSegmentRefID>SEG1</PaxSegmentRefID>
                    </ServiceAssociations>
                    <ServiceID>SV409</ServiceID>
                    <StatusCode>K</StatusCode>
                </Service>
                <Service>
                    <PaxRefID>PAX2</PaxRefID>
                    <ServiceAssociations>
                        <PaxSegmentRefID>SEG2</PaxSegmentRefID>
                    </ServiceAssociations>
                    <ServiceID>SV410</ServiceID>
                    <StatusCode>K</StatusCode>
                </Service>
            </OrderItem>
            <OrderItem>
                <FareDetail>
                    <FareComponent>
                        <CabinType>
                            <CabinTypeCode>L</CabinTypeCode>
                            <CabinTypeName>ECONOMY</CabinTypeName>
                        </CabinType>
                        <PaxSegmentRefID>SEG1</PaxSegmentRefID>
                        <PriceClassRefID>PC1</PriceClassRefID>
                    </FareComponent>
                    <FareComponent>
                        <CabinType>
                            <CabinTypeCode>L</CabinTypeCode>
                            <CabinTypeName>ECONOMY</CabinTypeName>
                        </CabinType>
                        <PaxSegmentRefID>SEG2</PaxSegmentRefID>
                        <PriceClassRefID>PC1</PriceClassRefID>
                    </FareComponent>
                    <FarePriceType>
                        <Price>
                            <BaseAmount>0</BaseAmount>
                            <TaxSummary>
                                <Tax>
                                    <Amount CurCode="EUR">61.96000000000000000000</Amount>
                                    <TaxCode>GENERAL_TAXES_PAX_1</TaxCode>
                                    <TaxName>Taxes - PAX1</TaxName>
                                </Tax>
                                <TotalTaxAmount CurCode="EUR">61.96000000000000000000</TotalTaxAmount>
                            </TaxSummary>
                            <TotalAmount CurCode="EUR">61.96000000000000000000</TotalAmount>
                        </Price>
                    </FarePriceType>
                    <PaxRefID>PAX1</PaxRefID>
                </FareDetail>
                <OrderItemID>5ed23040-e5de-42ee-9416-d70ec57f9910</OrderItemID>
                <PaymentTimeLimitDateTime>2021-02-05T00:59:00.000</PaymentTimeLimitDateTime>
                <Price>
                    <BaseAmount>0</BaseAmount>
                    <TotalAmount CurCode="EUR">61.96000000000000000000</TotalAmount>
                </Price>
                <Service>
                    <PaxRefID>PAX1</PaxRefID>
                    <ServiceAssociations>
                        <PaxSegmentRefID>SEG1</PaxSegmentRefID>
                    </ServiceAssociations>
                    <ServiceID>SV411</ServiceID>
                    <StatusCode>K</StatusCode>
                </Service>
                <Service>
                    <PaxRefID>PAX1</PaxRefID>
                    <ServiceAssociations>
                        <PaxSegmentRefID>SEG2</PaxSegmentRefID>
                    </ServiceAssociations>
                    <ServiceID>SV412</ServiceID>
                    <StatusCode>K</StatusCode>
                </Service>
            </OrderItem>
            <OwnerCode>BA</OwnerCode>
            <StatusCode>OPENED</StatusCode>
            <TotalPrice>
                <BaseAmount CurCode="EUR">566.40000000000000000000</BaseAmount>
                <TaxSummary>
                    <Tax>
                        <Amount CurCode="EUR">61.96000000000000000000</Amount>
                        <TaxCode>GENERAL_TAXES_PAX_2</TaxCode>
                        <TaxName>Taxes - PAX2</TaxName>
                    </Tax>
                    <Tax>
                        <Amount CurCode="EUR">61.96000000000000000000</Amount>
                        <TaxCode>GENERAL_TAXES_PAX_1</TaxCode>
                        <TaxName>Taxes - PAX1</TaxName>
                    </Tax>
                    <TotalTaxAmount CurCode="EUR">123.92000000000000000000</TotalTaxAmount>
                </TaxSummary>
                <TotalAmount CurCode="EUR">690.32000000000000000000</TotalAmount>
            </TotalPrice>
        </Order>
    </Response>
    <PayloadAttributes>
        <CorrelationID>74bc0380-990f-3d7a-8c4f-b5192829d211</CorrelationID>
        <Timestamp>2021-02-04T09:39:02.605+01:00</Timestamp>
        <VersionNumber>19.2</VersionNumber>
    </PayloadAttributes>
</IATA_OrderViewRS>