<?xml version="1.0" encoding="UTF-8" standalone="yes"?>
<IATA_OrderChangeRQ xmlns="http://www.iata.org/IATA/2015/00/2019.2/IATA_OrderChangeRQ">
    <Party>
        <Sender>
            <TravelAgency>
                <AgencyID>agency1234</AgencyID>
            </TravelAgency>
        </Sender>
    </Party>
    <PayloadAttributes>
        <CorrelationID>dbc121be-c27b-4b63-9eab-5e73dfb8b6c4</CorrelationID>
        <PrimaryLangID>FR</PrimaryLangID>
        <VersionNumber>19.2</VersionNumber>
    </PayloadAttributes>
    <Request>
        <DataLists>
            <ContactInfoList>
                <ContactInfo>
                    <ContactInfoID>CONT1</ContactInfoID>
                    <EmailAddress>
                        <EmailAddressText>florian.garnier@orchestra.eu</EmailAddressText>
                    </EmailAddress>
                    <Phone>
                        <AreaCodeNumber></AreaCodeNumber>
                        <CountryDialingCode>33</CountryDialingCode>
                        <PhoneNumber>0622761972</PhoneNumber>
                    </Phone>
                    <PostalAddress>
                        <CityName>Paris</CityName>
                        <CountryCode>FR</CountryCode>
                        <PostalCode>75002</PostalCode>
                        <StreetText>38 avenue de l'opera</StreetText>
                    </PostalAddress>
                </ContactInfo>
            </ContactInfoList>
            <PaxList>
                <Pax>
                    <Birthdate>1986-02-02</Birthdate>
                    <ContactInfoRefID>CONT1</ContactInfoRefID>
                    <Individual>
                        <Birthdate>1986-02-02</Birthdate>
                        <GivenName>Florian</GivenName>
                        <IndividualID>IND1</IndividualID>
                        <Surname>Garnier</Surname>
                        <TitleName>MR</TitleName>
                    </Individual>
                    <PaxID>PAX1</PaxID>
                    <PTC>ADT</PTC>
                </Pax>
                <Pax>
                    <Birthdate>1986-03-03</Birthdate>
                    <ContactInfoRefID>CONT1</ContactInfoRefID>
                    <Individual>
                        <Birthdate>1986-03-03</Birthdate>
                        <GivenName>Floria</GivenName>
                        <IndividualID>IND2</IndividualID>
                        <Surname>Garnier</Surname>
                        <TitleName>MRS</TitleName>
                    </Individual>
                    <PaxID>PAX2</PaxID>
                    <PTC>ADT</PTC>
                </Pax>
            </PaxList>
        </DataLists>
        <Order>
            <OrderID>544755</OrderID>
            <OwnerCode>BA</OwnerCode>
        </Order>
        <PaymentFunctions>
            <PaymentProcessingDetails>
                <Amount CurCode="EUR">690.32000000000000000000</Amount>
                <OrderAssociation>
                    <OrderItemRefID>32764ce2-5548-4498-b36f-58a10c3906f9</OrderItemRefID>
                    <OrderItemRefID>1dbb3411-1bc3-4e6c-896e-b90cc7a585b6</OrderItemRefID>
                    <OrderItemRefID>6863b890-9fae-4dee-928c-5387050fda95</OrderItemRefID>
                    <OrderItemRefID>55fe8531-08db-4b23-afe3-00f9c467c1bd</OrderItemRefID>
                </OrderAssociation>
                <PaymentMethod>
                    <Cash/>
                </PaymentMethod>
                <TypeCode>CA</TypeCode>
            </PaymentProcessingDetails>
        </PaymentFunctions>
    </Request>
</IATA_OrderChangeRQ>