<?xml version="1.0" encoding="UTF-8" standalone="yes"?>
<IATA_OrderViewRS xmlns="http://www.iata.org/IATA/2015/00/2019.2/IATA_OrderViewRS">
    <Response>
        <DataLists>
            <ContactInfoList>
                <ContactInfo>
                    <ContactInfoID>CONT1</ContactInfoID>
                    <EmailAddress>
                        <EmailAddressText>florian.garnier@orchestra.eu</EmailAddressText>
                    </EmailAddress>
                    <PostalAddress>
                        <CityName>Paris</CityName>
                        <CountryCode>FR</CountryCode>
                        <PostalCode>75002</PostalCode>
                        <StreetText>38 avenue de l'opera</StreetText>
                    </PostalAddress>
                </ContactInfo>
            </ContactInfoList>
            <PaxList>
                <Pax>
                    <Birthdate>1986-02-02+01:00</Birthdate>
                    <ContactInfoRefID>CONT1</ContactInfoRefID>
                    <PaxID>PAX1</PaxID>
                    <PTC>ADT</PTC>
                </Pax>
                <Pax>
                    <Birthdate>1986-03-03+01:00</Birthdate>
                    <ContactInfoRefID>CONT1</ContactInfoRefID>
                    <PaxID>PAX2</PaxID>
                    <PTC>ADT</PTC>
                </Pax>
            </PaxList>
        </DataLists>
        <Order>
            <BookingRef>
                <BookingEntity>
                    <Carrier>
                        <AirlineDesigCode>BA</AirlineDesigCode>
                    </Carrier>
                </BookingEntity>
                <BookingID>T72IXL</BookingID>
            </BookingRef>
            <OrderID>544755</OrderID>
        </Order>
        <TicketDocInfo>
            <BookingRef>
                <BookingEntity>
                    <Carrier>
                        <AirlineDesigCode>BA</AirlineDesigCode>
                    </Carrier>
                </BookingEntity>
                <BookingID>T72IXL</BookingID>
            </BookingRef>
            <PaxRefID>PAX3</PaxRefID>
            <PaymentInfoRefID>PAY1</PaymentInfoRefID>
            <Ticket>
                <Coupon>
                    <CouponNumber>1</CouponNumber>
                    <CouponStatusCode>I</CouponStatusCode>
                </Coupon>
                <ReportingTypeCode>BSP</ReportingTypeCode>
                <TicketDocTypeCode>T</TicketDocTypeCode>
                <TicketNumber>125</TicketNumber>
            </Ticket>
            <Ticket>
                <Coupon>
                    <CouponNumber>1</CouponNumber>
                    <CouponStatusCode>I</CouponStatusCode>
                </Coupon>
                <ReportingTypeCode>BSP</ReportingTypeCode>
                <TicketDocTypeCode>T</TicketDocTypeCode>
                <TicketNumber>2113793590</TicketNumber>
            </Ticket>
        </TicketDocInfo>
        <TicketDocInfo>
            <BookingRef>
                <BookingEntity>
                    <Carrier>
                        <AirlineDesigCode>BA</AirlineDesigCode>
                    </Carrier>
                </BookingEntity>
                <BookingID>T72IXL</BookingID>
            </BookingRef>
            <PaxRefID>PAX4</PaxRefID>
            <PaymentInfoRefID>PAY1</PaymentInfoRefID>
            <Ticket>
                <Coupon>
                    <CouponNumber>1</CouponNumber>
                    <CouponStatusCode>I</CouponStatusCode>
                </Coupon>
                <ReportingTypeCode>BSP</ReportingTypeCode>
                <TicketDocTypeCode>T</TicketDocTypeCode>
                <TicketNumber>125</TicketNumber>
            </Ticket>
            <Ticket>
                <Coupon>
                    <CouponNumber>1</CouponNumber>
                    <CouponStatusCode>I</CouponStatusCode>
                </Coupon>
                <ReportingTypeCode>BSP</ReportingTypeCode>
                <TicketDocTypeCode>T</TicketDocTypeCode>
                <TicketNumber>2113793591</TicketNumber>
            </Ticket>
        </TicketDocInfo>
    </Response>
    <PayloadAttributes>
        <CorrelationID>dbc121be-c27b-4b63-9eab-5e73dfb8b6c4</CorrelationID>
        <Timestamp>2021-02-04T09:40:28.309+01:00</Timestamp>
        <VersionNumber>19.2</VersionNumber>
    </PayloadAttributes>
    <PaymentFunctions>
        <PaymentProcessingSummary>
            <Amount CurCode="EUR">690.32</Amount>
            <PaymentID>PAY1</PaymentID>
            <PaymentMethod>
                <Cash/>
            </PaymentMethod>
            <TypeCode>Cash</TypeCode>
        </PaymentProcessingSummary>
    </PaymentFunctions>
</IATA_OrderViewRS>