<?xml version="1.0" encoding="UTF-8" standalone="yes"?>
<IATA_AirShoppingRS xmlns="http://www.iata.org/IATA/2015/00/2019.2/IATA_AirShoppingRS">
    <Response>
        <DataLists>
            <BaggageAllowanceList>
                <BaggageAllowance>
                    <BaggageAllowanceID>BA1</BaggageAllowanceID>
                    <PieceAllowance>
                        <ApplicablePartyText>Traveler</ApplicablePartyText>
                        <TotalQty>0</TotalQty>
                    </PieceAllowance>
                    <TypeCode>Checked</TypeCode>
                </BaggageAllowance>
                <BaggageAllowance>
                    <BaggageAllowanceID>BA2</BaggageAllowanceID>
                    <PieceAllowance>
                        <ApplicablePartyText>Traveler</ApplicablePartyText>
                        <TotalQty>1</TotalQty>
                    </PieceAllowance>
                    <TypeCode>Checked</TypeCode>
                </BaggageAllowance>
            </BaggageAllowanceList>
            <OriginDestList>
                <OriginDest>
                    <DestCode>MAD</DestCode>
                    <OriginCode>BCN</OriginCode>
                    <OriginDestID>OD1</OriginDestID>
                    <PaxJourneyRefID>PJ1</PaxJourneyRefID>
                    <PaxJourneyRefID>PJ2</PaxJourneyRefID>
                    <PaxJourneyRefID>PJ3</PaxJourneyRefID>
                    <PaxJourneyRefID>PJ4</PaxJourneyRefID>
                    <PaxJourneyRefID>PJ5</PaxJourneyRefID>
                    <PaxJourneyRefID>PJ6</PaxJourneyRefID>
                    <PaxJourneyRefID>PJ7</PaxJourneyRefID>
                    <PaxJourneyRefID>PJ8</PaxJourneyRefID>
                    <PaxJourneyRefID>PJ9</PaxJourneyRefID>
                    <PaxJourneyRefID>PJ10</PaxJourneyRefID>
                </OriginDest>
            </OriginDestList>
            <PaxJourneyList>
                <PaxJourney>
                    <Duration>P0Y0M0DT1H25M0S</Duration>
                    <PaxJourneyID>PJ1</PaxJourneyID>
                    <PaxSegmentRefID>SEG1</PaxSegmentRefID>
                </PaxJourney>
                <PaxJourney>
                    <Duration>P0Y0M0DT1H25M0S</Duration>
                    <PaxJourneyID>PJ2</PaxJourneyID>
                    <PaxSegmentRefID>SEG2</PaxSegmentRefID>
                </PaxJourney>
                <PaxJourney>
                    <Duration>P0Y0M0DT1H25M0S</Duration>
                    <PaxJourneyID>PJ3</PaxJourneyID>
                    <PaxSegmentRefID>SEG3</PaxSegmentRefID>
                </PaxJourney>
                <PaxJourney>
                    <Duration>P0Y0M0DT1H25M0S</Duration>
                    <PaxJourneyID>PJ4</PaxJourneyID>
                    <PaxSegmentRefID>SEG4</PaxSegmentRefID>
                </PaxJourney>
                <PaxJourney>
                    <Duration>P0Y0M0DT1H25M0S</Duration>
                    <PaxJourneyID>PJ5</PaxJourneyID>
                    <PaxSegmentRefID>SEG5</PaxSegmentRefID>
                </PaxJourney>
                <PaxJourney>
                    <Duration>P0Y0M0DT1H25M0S</Duration>
                    <PaxJourneyID>PJ6</PaxJourneyID>
                    <PaxSegmentRefID>SEG6</PaxSegmentRefID>
                </PaxJourney>
                <PaxJourney>
                    <Duration>P0Y0M0DT1H25M0S</Duration>
                    <PaxJourneyID>PJ7</PaxJourneyID>
                    <PaxSegmentRefID>SEG7</PaxSegmentRefID>
                </PaxJourney>
                <PaxJourney>
                    <Duration>P0Y0M0DT1H25M0S</Duration>
                    <PaxJourneyID>PJ8</PaxJourneyID>
                    <PaxSegmentRefID>SEG8</PaxSegmentRefID>
                </PaxJourney>
                <PaxJourney>
                    <Duration>P0Y0M0DT1H25M0S</Duration>
                    <PaxJourneyID>PJ9</PaxJourneyID>
                    <PaxSegmentRefID>SEG9</PaxSegmentRefID>
                </PaxJourney>
                <PaxJourney>
                    <Duration>P0Y0M0DT1H25M0S</Duration>
                    <PaxJourneyID>PJ10</PaxJourneyID>
                    <PaxSegmentRefID>SEG10</PaxSegmentRefID>
                </PaxJourney>
            </PaxJourneyList>
            <PaxList>
                <Pax>
                    <PaxID>PAX1</PaxID>
                    <PTC>ADT</PTC>
                </Pax>
                <Pax>
                    <PaxID>PAX2</PaxID>
                    <PTC>ADT</PTC>
                </Pax>
            </PaxList>
            <PaxSegmentList>
                <PaxSegment>
                    <Arrival>
                        <AircraftScheduledDateTime>2020-10-06T11:15:00</AircraftScheduledDateTime>
                        <IATA_LocationCode>MAD</IATA_LocationCode>
                    </Arrival>
                    <Dep>
                        <AircraftScheduledDateTime>2020-10-06T09:50:00</AircraftScheduledDateTime>
                        <IATA_LocationCode>BCN</IATA_LocationCode>
                    </Dep>
                    <Duration>P0Y0M0DT1H25M0S</Duration>
                    <MarketingCarrierInfo>
                        <CarrierDesigCode>VY</CarrierDesigCode>
                        <MarketingCarrierFlightNumberText>1004</MarketingCarrierFlightNumberText>
                    </MarketingCarrierInfo>
                    <OperatingCarrierInfo>
                        <CarrierDesigCode>VY</CarrierDesigCode>
                    </OperatingCarrierInfo>
                    <PaxSegmentID>SEG1</PaxSegmentID>
                </PaxSegment>
                <PaxSegment>
                    <Arrival>
                        <AircraftScheduledDateTime>2020-10-06T14:10:00</AircraftScheduledDateTime>
                        <IATA_LocationCode>MAD</IATA_LocationCode>
                    </Arrival>
                    <Dep>
                        <AircraftScheduledDateTime>2020-10-06T12:45:00</AircraftScheduledDateTime>
                        <IATA_LocationCode>BCN</IATA_LocationCode>
                    </Dep>
                    <Duration>P0Y0M0DT1H25M0S</Duration>
                    <MarketingCarrierInfo>
                        <CarrierDesigCode>VY</CarrierDesigCode>
                        <MarketingCarrierFlightNumberText>1006</MarketingCarrierFlightNumberText>
                    </MarketingCarrierInfo>
                    <OperatingCarrierInfo>
                        <CarrierDesigCode>VY</CarrierDesigCode>
                    </OperatingCarrierInfo>
                    <PaxSegmentID>SEG2</PaxSegmentID>
                </PaxSegment>
                <PaxSegment>
                    <Arrival>
                        <AircraftScheduledDateTime>2020-10-06T17:40:00</AircraftScheduledDateTime>
                        <IATA_LocationCode>MAD</IATA_LocationCode>
                    </Arrival>
                    <Dep>
                        <AircraftScheduledDateTime>2020-10-06T16:15:00</AircraftScheduledDateTime>
                        <IATA_LocationCode>BCN</IATA_LocationCode>
                    </Dep>
                    <Duration>P0Y0M0DT1H25M0S</Duration>
                    <MarketingCarrierInfo>
                        <CarrierDesigCode>VY</CarrierDesigCode>
                        <MarketingCarrierFlightNumberText>1014</MarketingCarrierFlightNumberText>
                    </MarketingCarrierInfo>
                    <OperatingCarrierInfo>
                        <CarrierDesigCode>VY</CarrierDesigCode>
                    </OperatingCarrierInfo>
                    <PaxSegmentID>SEG3</PaxSegmentID>
                </PaxSegment>
                <PaxSegment>
                    <Arrival>
                        <AircraftScheduledDateTime>2020-10-06T23:10:00</AircraftScheduledDateTime>
                        <IATA_LocationCode>MAD</IATA_LocationCode>
                    </Arrival>
                    <Dep>
                        <AircraftScheduledDateTime>2020-10-06T21:45:00</AircraftScheduledDateTime>
                        <IATA_LocationCode>BCN</IATA_LocationCode>
                    </Dep>
                    <Duration>P0Y0M0DT1H25M0S</Duration>
                    <MarketingCarrierInfo>
                        <CarrierDesigCode>VY</CarrierDesigCode>
                        <MarketingCarrierFlightNumberText>1028</MarketingCarrierFlightNumberText>
                    </MarketingCarrierInfo>
                    <OperatingCarrierInfo>
                        <CarrierDesigCode>VY</CarrierDesigCode>
                    </OperatingCarrierInfo>
                    <PaxSegmentID>SEG4</PaxSegmentID>
                </PaxSegment>
                <PaxSegment>
                    <Arrival>
                        <AircraftScheduledDateTime>2020-10-06T10:00:00</AircraftScheduledDateTime>
                        <IATA_LocationCode>MAD</IATA_LocationCode>
                    </Arrival>
                    <Dep>
                        <AircraftScheduledDateTime>2020-10-06T08:35:00</AircraftScheduledDateTime>
                        <IATA_LocationCode>BCN</IATA_LocationCode>
                    </Dep>
                    <Duration>P0Y0M0DT1H25M0S</Duration>
                    <MarketingCarrierInfo>
                        <CarrierDesigCode>VY</CarrierDesigCode>
                        <MarketingCarrierFlightNumberText>1002</MarketingCarrierFlightNumberText>
                    </MarketingCarrierInfo>
                    <OperatingCarrierInfo>
                        <CarrierDesigCode>VY</CarrierDesigCode>
                    </OperatingCarrierInfo>
                    <PaxSegmentID>SEG5</PaxSegmentID>
                </PaxSegment>
                <PaxSegment>
                    <Arrival>
                        <AircraftScheduledDateTime>2020-10-06T15:25:00</AircraftScheduledDateTime>
                        <IATA_LocationCode>MAD</IATA_LocationCode>
                    </Arrival>
                    <Dep>
                        <AircraftScheduledDateTime>2020-10-06T14:00:00</AircraftScheduledDateTime>
                        <IATA_LocationCode>BCN</IATA_LocationCode>
                    </Dep>
                    <Duration>P0Y0M0DT1H25M0S</Duration>
                    <MarketingCarrierInfo>
                        <CarrierDesigCode>VY</CarrierDesigCode>
                        <MarketingCarrierFlightNumberText>1022</MarketingCarrierFlightNumberText>
                    </MarketingCarrierInfo>
                    <OperatingCarrierInfo>
                        <CarrierDesigCode>VY</CarrierDesigCode>
                    </OperatingCarrierInfo>
                    <PaxSegmentID>SEG6</PaxSegmentID>
                </PaxSegment>
                <PaxSegment>
                    <Arrival>
                        <AircraftScheduledDateTime>2020-10-06T19:00:00</AircraftScheduledDateTime>
                        <IATA_LocationCode>MAD</IATA_LocationCode>
                    </Arrival>
                    <Dep>
                        <AircraftScheduledDateTime>2020-10-06T17:35:00</AircraftScheduledDateTime>
                        <IATA_LocationCode>BCN</IATA_LocationCode>
                    </Dep>
                    <Duration>P0Y0M0DT1H25M0S</Duration>
                    <MarketingCarrierInfo>
                        <CarrierDesigCode>VY</CarrierDesigCode>
                        <MarketingCarrierFlightNumberText>1008</MarketingCarrierFlightNumberText>
                    </MarketingCarrierInfo>
                    <OperatingCarrierInfo>
                        <CarrierDesigCode>VY</CarrierDesigCode>
                    </OperatingCarrierInfo>
                    <PaxSegmentID>SEG7</PaxSegmentID>
                </PaxSegment>
                <PaxSegment>
                    <Arrival>
                        <AircraftScheduledDateTime>2020-10-06T20:25:00</AircraftScheduledDateTime>
                        <IATA_LocationCode>MAD</IATA_LocationCode>
                    </Arrival>
                    <Dep>
                        <AircraftScheduledDateTime>2020-10-06T19:00:00</AircraftScheduledDateTime>
                        <IATA_LocationCode>BCN</IATA_LocationCode>
                    </Dep>
                    <Duration>P0Y0M0DT1H25M0S</Duration>
                    <MarketingCarrierInfo>
                        <CarrierDesigCode>VY</CarrierDesigCode>
                        <MarketingCarrierFlightNumberText>1010</MarketingCarrierFlightNumberText>
                    </MarketingCarrierInfo>
                    <OperatingCarrierInfo>
                        <CarrierDesigCode>VY</CarrierDesigCode>
                    </OperatingCarrierInfo>
                    <PaxSegmentID>SEG8</PaxSegmentID>
                </PaxSegment>
                <PaxSegment>
                    <Arrival>
                        <AircraftScheduledDateTime>2020-10-06T08:55:00</AircraftScheduledDateTime>
                        <IATA_LocationCode>MAD</IATA_LocationCode>
                    </Arrival>
                    <Dep>
                        <AircraftScheduledDateTime>2020-10-06T07:30:00</AircraftScheduledDateTime>
                        <IATA_LocationCode>BCN</IATA_LocationCode>
                    </Dep>
                    <Duration>P0Y0M0DT1H25M0S</Duration>
                    <MarketingCarrierInfo>
                        <CarrierDesigCode>VY</CarrierDesigCode>
                        <MarketingCarrierFlightNumberText>1018</MarketingCarrierFlightNumberText>
                    </MarketingCarrierInfo>
                    <OperatingCarrierInfo>
                        <CarrierDesigCode>VY</CarrierDesigCode>
                    </OperatingCarrierInfo>
                    <PaxSegmentID>SEG9</PaxSegmentID>
                </PaxSegment>
                <PaxSegment>
                    <Arrival>
                        <AircraftScheduledDateTime>2020-10-06T08:25:00</AircraftScheduledDateTime>
                        <IATA_LocationCode>MAD</IATA_LocationCode>
                    </Arrival>
                    <Dep>
                        <AircraftScheduledDateTime>2020-10-06T07:00:00</AircraftScheduledDateTime>
                        <IATA_LocationCode>BCN</IATA_LocationCode>
                    </Dep>
                    <Duration>P0Y0M0DT1H25M0S</Duration>
                    <MarketingCarrierInfo>
                        <CarrierDesigCode>VY</CarrierDesigCode>
                        <MarketingCarrierFlightNumberText>1016</MarketingCarrierFlightNumberText>
                    </MarketingCarrierInfo>
                    <OperatingCarrierInfo>
                        <CarrierDesigCode>VY</CarrierDesigCode>
                    </OperatingCarrierInfo>
                    <PaxSegmentID>SEG10</PaxSegmentID>
                </PaxSegment>
            </PaxSegmentList>
            <PriceClassList>
                <PriceClass>
                    <CabinType>
                        <CabinTypeName>ECONOMY</CabinTypeName>
                    </CabinType>
                    <Desc>
                        <DescText>10kg carry-on bag (55x40x20cm max)</DescText>
                    </Desc>
                    <Desc>
                        <DescText>Personal item which must fit under the seat in front of the passenger (35x20x20cm max)</DescText>
                    </Desc>
                    <Name>BASIC PRODUCT CLASS</Name>
                    <PriceClassID>PC1</PriceClassID>
                </PriceClass>
                <PriceClass>
                    <CabinType>
                        <CabinTypeName>ECONOMY</CabinTypeName>
                    </CabinType>
                    <Desc>
                        <DescText>25kg checked-in bag</DescText>
                    </Desc>
                    <Desc>
                        <DescText>10kg carry-on bag (55x40x20cm max)</DescText>
                    </Desc>
                    <Desc>
                        <DescText>Personal item which must fit under the seat in front of the passenger (35x20x20cm max)</DescText>
                    </Desc>
                    <Name>OPTIMA PRODUCT CLASS</Name>
                    <PriceClassID>PC2</PriceClassID>
                </PriceClass>
            </PriceClassList>
        </DataLists>
        <OffersGroup>
            <CarrierOffers>
                <Offer>
                    <BaggageAllowance>
                        <BaggageAllowanceRefID>BA1</BaggageAllowanceRefID>
                        <BaggageFlightAssociations>
                            <PaxSegmentRefID>SEG1</PaxSegmentRefID>
                        </BaggageFlightAssociations>
                        <PaxRefID>PAX1</PaxRefID>
                        <PaxRefID>PAX2</PaxRefID>
                    </BaggageAllowance>
                    <JourneyOverview>
                        <JourneyPriceClass>
                            <PaxJourneyRefID>PJ1</PaxJourneyRefID>
                            <PriceClassRefID>PC1</PriceClassRefID>
                        </JourneyPriceClass>
                    </JourneyOverview>
                    <OfferID>96296fe2-542d-430e-950e-4ddcf18e97cb</OfferID>
                    <OfferItem>
                        <FareDetail>
                            <FareComponent>
                                <CabinType>
                                    <CabinTypeName>ECONOMY</CabinTypeName>
                                </CabinType>
                                <FareBasisCode>PB01</FareBasisCode>
                                <PaxSegmentRefID>SEG1</PaxSegmentRefID>
                                <PriceClassRefID>PC1</PriceClassRefID>
                            </FareComponent>
                            <FarePriceType>
                                <Price>
                                    <BaseAmount CurCode="EUR">32.49</BaseAmount>
                                    <TotalAmount CurCode="EUR">32.49</TotalAmount>
                                </Price>
                            </FarePriceType>
                            <PaxRefID>PAX1</PaxRefID>
                            <PaxRefID>PAX2</PaxRefID>
                        </FareDetail>
                        <OfferItemID>5de21c9c-fe1c-4bf6-9e59-d94fb552a339</OfferItemID>
                        <Price>
                            <BaseAmount CurCode="EUR">64.98</BaseAmount>
                            <TotalAmount CurCode="EUR">64.98</TotalAmount>
                        </Price>
                        <Service>
                            <PaxRefID>PAX1</PaxRefID>
                            <PaxRefID>PAX2</PaxRefID>
                            <ServiceAssociations>
                                <PaxJourneyRefID>PJ1</PaxJourneyRefID>
                            </ServiceAssociations>
                            <ServiceID>SV1</ServiceID>
                        </Service>
                    </OfferItem>
                    <OwnerCode>VY</OwnerCode>
                    <TotalPrice>
                        <BaseAmount CurCode="EUR">64.98</BaseAmount>
                        <TotalAmount CurCode="EUR">64.98</TotalAmount>
                    </TotalPrice>
                </Offer>
                <Offer>
                    <BaggageAllowance>
                        <BaggageAllowanceRefID>BA1</BaggageAllowanceRefID>
                        <BaggageFlightAssociations>
                            <PaxSegmentRefID>SEG2</PaxSegmentRefID>
                        </BaggageFlightAssociations>
                        <PaxRefID>PAX1</PaxRefID>
                        <PaxRefID>PAX2</PaxRefID>
                    </BaggageAllowance>
                    <JourneyOverview>
                        <JourneyPriceClass>
                            <PaxJourneyRefID>PJ2</PaxJourneyRefID>
                            <PriceClassRefID>PC1</PriceClassRefID>
                        </JourneyPriceClass>
                    </JourneyOverview>
                    <OfferID>f3b25cb6-6b55-4e2e-9d5b-c51ad071ef39</OfferID>
                    <OfferItem>
                        <FareDetail>
                            <FareComponent>
                                <CabinType>
                                    <CabinTypeName>ECONOMY</CabinTypeName>
                                </CabinType>
                                <FareBasisCode>PB01</FareBasisCode>
                                <PaxSegmentRefID>SEG2</PaxSegmentRefID>
                                <PriceClassRefID>PC1</PriceClassRefID>
                            </FareComponent>
                            <FarePriceType>
                                <Price>
                                    <BaseAmount CurCode="EUR">32.49</BaseAmount>
                                    <TotalAmount CurCode="EUR">32.49</TotalAmount>
                                </Price>
                            </FarePriceType>
                            <PaxRefID>PAX1</PaxRefID>
                            <PaxRefID>PAX2</PaxRefID>
                        </FareDetail>
                        <OfferItemID>54451b3d-dd63-48a2-bb19-d25a5d66cfa5</OfferItemID>
                        <Price>
                            <BaseAmount CurCode="EUR">64.98</BaseAmount>
                            <TotalAmount CurCode="EUR">64.98</TotalAmount>
                        </Price>
                        <Service>
                            <PaxRefID>PAX1</PaxRefID>
                            <PaxRefID>PAX2</PaxRefID>
                            <ServiceAssociations>
                                <PaxJourneyRefID>PJ2</PaxJourneyRefID>
                            </ServiceAssociations>
                            <ServiceID>SV2</ServiceID>
                        </Service>
                    </OfferItem>
                    <OwnerCode>VY</OwnerCode>
                    <TotalPrice>
                        <BaseAmount CurCode="EUR">64.98</BaseAmount>
                        <TotalAmount CurCode="EUR">64.98</TotalAmount>
                    </TotalPrice>
                </Offer>
                <Offer>
                    <BaggageAllowance>
                        <BaggageAllowanceRefID>BA1</BaggageAllowanceRefID>
                        <BaggageFlightAssociations>
                            <PaxSegmentRefID>SEG3</PaxSegmentRefID>
                        </BaggageFlightAssociations>
                        <PaxRefID>PAX1</PaxRefID>
                        <PaxRefID>PAX2</PaxRefID>
                    </BaggageAllowance>
                    <JourneyOverview>
                        <JourneyPriceClass>
                            <PaxJourneyRefID>PJ3</PaxJourneyRefID>
                            <PriceClassRefID>PC1</PriceClassRefID>
                        </JourneyPriceClass>
                    </JourneyOverview>
                    <OfferID>551cd0bb-bde1-4cd3-9b8c-44665ba67631</OfferID>
                    <OfferItem>
                        <FareDetail>
                            <FareComponent>
                                <CabinType>
                                    <CabinTypeName>ECONOMY</CabinTypeName>
                                </CabinType>
                                <FareBasisCode>PB01</FareBasisCode>
                                <PaxSegmentRefID>SEG3</PaxSegmentRefID>
                                <PriceClassRefID>PC1</PriceClassRefID>
                            </FareComponent>
                            <FarePriceType>
                                <Price>
                                    <BaseAmount CurCode="EUR">32.49</BaseAmount>
                                    <TotalAmount CurCode="EUR">32.49</TotalAmount>
                                </Price>
                            </FarePriceType>
                            <PaxRefID>PAX1</PaxRefID>
                            <PaxRefID>PAX2</PaxRefID>
                        </FareDetail>
                        <OfferItemID>dcc770ca-603c-49a5-a269-1b472f8c1b1d</OfferItemID>
                        <Price>
                            <BaseAmount CurCode="EUR">64.98</BaseAmount>
                            <TotalAmount CurCode="EUR">64.98</TotalAmount>
                        </Price>
                        <Service>
                            <PaxRefID>PAX1</PaxRefID>
                            <PaxRefID>PAX2</PaxRefID>
                            <ServiceAssociations>
                                <PaxJourneyRefID>PJ3</PaxJourneyRefID>
                            </ServiceAssociations>
                            <ServiceID>SV3</ServiceID>
                        </Service>
                    </OfferItem>
                    <OwnerCode>VY</OwnerCode>
                    <TotalPrice>
                        <BaseAmount CurCode="EUR">64.98</BaseAmount>
                        <TotalAmount CurCode="EUR">64.98</TotalAmount>
                    </TotalPrice>
                </Offer>
                <Offer>
                    <BaggageAllowance>
                        <BaggageAllowanceRefID>BA1</BaggageAllowanceRefID>
                        <BaggageFlightAssociations>
                            <PaxSegmentRefID>SEG4</PaxSegmentRefID>
                        </BaggageFlightAssociations>
                        <PaxRefID>PAX1</PaxRefID>
                        <PaxRefID>PAX2</PaxRefID>
                    </BaggageAllowance>
                    <JourneyOverview>
                        <JourneyPriceClass>
                            <PaxJourneyRefID>PJ4</PaxJourneyRefID>
                            <PriceClassRefID>PC1</PriceClassRefID>
                        </JourneyPriceClass>
                    </JourneyOverview>
                    <OfferID>bc6bf9cb-7c7b-4ce1-8461-0f7441b7b047</OfferID>
                    <OfferItem>
                        <FareDetail>
                            <FareComponent>
                                <CabinType>
                                    <CabinTypeName>ECONOMY</CabinTypeName>
                                </CabinType>
                                <FareBasisCode>PB01</FareBasisCode>
                                <PaxSegmentRefID>SEG4</PaxSegmentRefID>
                                <PriceClassRefID>PC1</PriceClassRefID>
                            </FareComponent>
                            <FarePriceType>
                                <Price>
                                    <BaseAmount CurCode="EUR">32.49</BaseAmount>
                                    <TotalAmount CurCode="EUR">32.49</TotalAmount>
                                </Price>
                            </FarePriceType>
                            <PaxRefID>PAX1</PaxRefID>
                            <PaxRefID>PAX2</PaxRefID>
                        </FareDetail>
                        <OfferItemID>ff8f107c-7528-482b-82f3-81013daefc35</OfferItemID>
                        <Price>
                            <BaseAmount CurCode="EUR">64.98</BaseAmount>
                            <TotalAmount CurCode="EUR">64.98</TotalAmount>
                        </Price>
                        <Service>
                            <PaxRefID>PAX1</PaxRefID>
                            <PaxRefID>PAX2</PaxRefID>
                            <ServiceAssociations>
                                <PaxJourneyRefID>PJ4</PaxJourneyRefID>
                            </ServiceAssociations>
                            <ServiceID>SV4</ServiceID>
                        </Service>
                    </OfferItem>
                    <OwnerCode>VY</OwnerCode>
                    <TotalPrice>
                        <BaseAmount CurCode="EUR">64.98</BaseAmount>
                        <TotalAmount CurCode="EUR">64.98</TotalAmount>
                    </TotalPrice>
                </Offer>
                <Offer>
                    <BaggageAllowance>
                        <BaggageAllowanceRefID>BA1</BaggageAllowanceRefID>
                        <BaggageFlightAssociations>
                            <PaxSegmentRefID>SEG5</PaxSegmentRefID>
                        </BaggageFlightAssociations>
                        <PaxRefID>PAX1</PaxRefID>
                        <PaxRefID>PAX2</PaxRefID>
                    </BaggageAllowance>
                    <JourneyOverview>
                        <JourneyPriceClass>
                            <PaxJourneyRefID>PJ5</PaxJourneyRefID>
                            <PriceClassRefID>PC1</PriceClassRefID>
                        </JourneyPriceClass>
                    </JourneyOverview>
                    <OfferID>ddcda207-fec4-4560-9dbe-0f3da725d847</OfferID>
                    <OfferItem>
                        <FareDetail>
                            <FareComponent>
                                <CabinType>
                                    <CabinTypeName>ECONOMY</CabinTypeName>
                                </CabinType>
                                <FareBasisCode>PB01</FareBasisCode>
                                <PaxSegmentRefID>SEG5</PaxSegmentRefID>
                                <PriceClassRefID>PC1</PriceClassRefID>
                            </FareComponent>
                            <FarePriceType>
                                <Price>
                                    <BaseAmount CurCode="EUR">36.49</BaseAmount>
                                    <TotalAmount CurCode="EUR">36.49</TotalAmount>
                                </Price>
                            </FarePriceType>
                            <PaxRefID>PAX1</PaxRefID>
                            <PaxRefID>PAX2</PaxRefID>
                        </FareDetail>
                        <OfferItemID>a4611c63-4899-4144-9378-4e0d75df4abd</OfferItemID>
                        <Price>
                            <BaseAmount CurCode="EUR">72.98</BaseAmount>
                            <TotalAmount CurCode="EUR">72.98</TotalAmount>
                        </Price>
                        <Service>
                            <PaxRefID>PAX1</PaxRefID>
                            <PaxRefID>PAX2</PaxRefID>
                            <ServiceAssociations>
                                <PaxJourneyRefID>PJ5</PaxJourneyRefID>
                            </ServiceAssociations>
                            <ServiceID>SV5</ServiceID>
                        </Service>
                    </OfferItem>
                    <OwnerCode>VY</OwnerCode>
                    <TotalPrice>
                        <BaseAmount CurCode="EUR">72.98</BaseAmount>
                        <TotalAmount CurCode="EUR">72.98</TotalAmount>
                    </TotalPrice>
                </Offer>
                <Offer>
                    <BaggageAllowance>
                        <BaggageAllowanceRefID>BA1</BaggageAllowanceRefID>
                        <BaggageFlightAssociations>
                            <PaxSegmentRefID>SEG6</PaxSegmentRefID>
                        </BaggageFlightAssociations>
                        <PaxRefID>PAX1</PaxRefID>
                        <PaxRefID>PAX2</PaxRefID>
                    </BaggageAllowance>
                    <JourneyOverview>
                        <JourneyPriceClass>
                            <PaxJourneyRefID>PJ6</PaxJourneyRefID>
                            <PriceClassRefID>PC1</PriceClassRefID>
                        </JourneyPriceClass>
                    </JourneyOverview>
                    <OfferID>1f49fb80-84db-423d-ba78-875420f5e6e7</OfferID>
                    <OfferItem>
                        <FareDetail>
                            <FareComponent>
                                <CabinType>
                                    <CabinTypeName>ECONOMY</CabinTypeName>
                                </CabinType>
                                <FareBasisCode>PB01</FareBasisCode>
                                <PaxSegmentRefID>SEG6</PaxSegmentRefID>
                                <PriceClassRefID>PC1</PriceClassRefID>
                            </FareComponent>
                            <FarePriceType>
                                <Price>
                                    <BaseAmount CurCode="EUR">36.49</BaseAmount>
                                    <TotalAmount CurCode="EUR">36.49</TotalAmount>
                                </Price>
                            </FarePriceType>
                            <PaxRefID>PAX1</PaxRefID>
                            <PaxRefID>PAX2</PaxRefID>
                        </FareDetail>
                        <OfferItemID>436b408a-14a6-4e5e-867b-624d5389a18c</OfferItemID>
                        <Price>
                            <BaseAmount CurCode="EUR">72.98</BaseAmount>
                            <TotalAmount CurCode="EUR">72.98</TotalAmount>
                        </Price>
                        <Service>
                            <PaxRefID>PAX1</PaxRefID>
                            <PaxRefID>PAX2</PaxRefID>
                            <ServiceAssociations>
                                <PaxJourneyRefID>PJ6</PaxJourneyRefID>
                            </ServiceAssociations>
                            <ServiceID>SV6</ServiceID>
                        </Service>
                    </OfferItem>
                    <OwnerCode>VY</OwnerCode>
                    <TotalPrice>
                        <BaseAmount CurCode="EUR">72.98</BaseAmount>
                        <TotalAmount CurCode="EUR">72.98</TotalAmount>
                    </TotalPrice>
                </Offer>
                <Offer>
                    <BaggageAllowance>
                        <BaggageAllowanceRefID>BA1</BaggageAllowanceRefID>
                        <BaggageFlightAssociations>
                            <PaxSegmentRefID>SEG7</PaxSegmentRefID>
                        </BaggageFlightAssociations>
                        <PaxRefID>PAX1</PaxRefID>
                        <PaxRefID>PAX2</PaxRefID>
                    </BaggageAllowance>
                    <JourneyOverview>
                        <JourneyPriceClass>
                            <PaxJourneyRefID>PJ7</PaxJourneyRefID>
                            <PriceClassRefID>PC1</PriceClassRefID>
                        </JourneyPriceClass>
                    </JourneyOverview>
                    <OfferID>caf1b3aa-96ce-4cf6-8354-8e973af31037</OfferID>
                    <OfferItem>
                        <FareDetail>
                            <FareComponent>
                                <CabinType>
                                    <CabinTypeName>ECONOMY</CabinTypeName>
                                </CabinType>
                                <FareBasisCode>PB01</FareBasisCode>
                                <PaxSegmentRefID>SEG7</PaxSegmentRefID>
                                <PriceClassRefID>PC1</PriceClassRefID>
                            </FareComponent>
                            <FarePriceType>
                                <Price>
                                    <BaseAmount CurCode="EUR">36.49</BaseAmount>
                                    <TotalAmount CurCode="EUR">36.49</TotalAmount>
                                </Price>
                            </FarePriceType>
                            <PaxRefID>PAX1</PaxRefID>
                            <PaxRefID>PAX2</PaxRefID>
                        </FareDetail>
                        <OfferItemID>089c6da4-7632-43ed-b440-17aad5c778cd</OfferItemID>
                        <Price>
                            <BaseAmount CurCode="EUR">72.98</BaseAmount>
                            <TotalAmount CurCode="EUR">72.98</TotalAmount>
                        </Price>
                        <Service>
                            <PaxRefID>PAX1</PaxRefID>
                            <PaxRefID>PAX2</PaxRefID>
                            <ServiceAssociations>
                                <PaxJourneyRefID>PJ7</PaxJourneyRefID>
                            </ServiceAssociations>
                            <ServiceID>SV7</ServiceID>
                        </Service>
                    </OfferItem>
                    <OwnerCode>VY</OwnerCode>
                    <TotalPrice>
                        <BaseAmount CurCode="EUR">72.98</BaseAmount>
                        <TotalAmount CurCode="EUR">72.98</TotalAmount>
                    </TotalPrice>
                </Offer>
                <Offer>
                    <BaggageAllowance>
                        <BaggageAllowanceRefID>BA1</BaggageAllowanceRefID>
                        <BaggageFlightAssociations>
                            <PaxSegmentRefID>SEG8</PaxSegmentRefID>
                        </BaggageFlightAssociations>
                        <PaxRefID>PAX1</PaxRefID>
                        <PaxRefID>PAX2</PaxRefID>
                    </BaggageAllowance>
                    <JourneyOverview>
                        <JourneyPriceClass>
                            <PaxJourneyRefID>PJ8</PaxJourneyRefID>
                            <PriceClassRefID>PC1</PriceClassRefID>
                        </JourneyPriceClass>
                    </JourneyOverview>
                    <OfferID>cf061175-82e7-4a61-8596-fd316d1cb85d</OfferID>
                    <OfferItem>
                        <FareDetail>
                            <FareComponent>
                                <CabinType>
                                    <CabinTypeName>ECONOMY</CabinTypeName>
                                </CabinType>
                                <FareBasisCode>PB01</FareBasisCode>
                                <PaxSegmentRefID>SEG8</PaxSegmentRefID>
                                <PriceClassRefID>PC1</PriceClassRefID>
                            </FareComponent>
                            <FarePriceType>
                                <Price>
                                    <BaseAmount CurCode="EUR">36.49</BaseAmount>
                                    <TotalAmount CurCode="EUR">36.49</TotalAmount>
                                </Price>
                            </FarePriceType>
                            <PaxRefID>PAX1</PaxRefID>
                            <PaxRefID>PAX2</PaxRefID>
                        </FareDetail>
                        <OfferItemID>4387355e-c747-4fc0-b144-73511fcedc2d</OfferItemID>
                        <Price>
                            <BaseAmount CurCode="EUR">72.98</BaseAmount>
                            <TotalAmount CurCode="EUR">72.98</TotalAmount>
                        </Price>
                        <Service>
                            <PaxRefID>PAX1</PaxRefID>
                            <PaxRefID>PAX2</PaxRefID>
                            <ServiceAssociations>
                                <PaxJourneyRefID>PJ8</PaxJourneyRefID>
                            </ServiceAssociations>
                            <ServiceID>SV8</ServiceID>
                        </Service>
                    </OfferItem>
                    <OwnerCode>VY</OwnerCode>
                    <TotalPrice>
                        <BaseAmount CurCode="EUR">72.98</BaseAmount>
                        <TotalAmount CurCode="EUR">72.98</TotalAmount>
                    </TotalPrice>
                </Offer>
                <Offer>
                    <BaggageAllowance>
                        <BaggageAllowanceRefID>BA1</BaggageAllowanceRefID>
                        <BaggageFlightAssociations>
                            <PaxSegmentRefID>SEG9</PaxSegmentRefID>
                        </BaggageFlightAssociations>
                        <PaxRefID>PAX1</PaxRefID>
                        <PaxRefID>PAX2</PaxRefID>
                    </BaggageAllowance>
                    <JourneyOverview>
                        <JourneyPriceClass>
                            <PaxJourneyRefID>PJ9</PaxJourneyRefID>
                            <PriceClassRefID>PC1</PriceClassRefID>
                        </JourneyPriceClass>
                    </JourneyOverview>
                    <OfferID>5c29f12c-af6b-417b-8066-a23c8e1553fa</OfferID>
                    <OfferItem>
                        <FareDetail>
                            <FareComponent>
                                <CabinType>
                                    <CabinTypeName>ECONOMY</CabinTypeName>
                                </CabinType>
                                <FareBasisCode>PB01</FareBasisCode>
                                <PaxSegmentRefID>SEG9</PaxSegmentRefID>
                                <PriceClassRefID>PC1</PriceClassRefID>
                            </FareComponent>
                            <FarePriceType>
                                <Price>
                                    <BaseAmount CurCode="EUR">40.49</BaseAmount>
                                    <TotalAmount CurCode="EUR">40.49</TotalAmount>
                                </Price>
                            </FarePriceType>
                            <PaxRefID>PAX1</PaxRefID>
                            <PaxRefID>PAX2</PaxRefID>
                        </FareDetail>
                        <OfferItemID>7d33a480-08f7-4bfd-9a66-8460f7932ba4</OfferItemID>
                        <Price>
                            <BaseAmount CurCode="EUR">80.98</BaseAmount>
                            <TotalAmount CurCode="EUR">80.98</TotalAmount>
                        </Price>
                        <Service>
                            <PaxRefID>PAX1</PaxRefID>
                            <PaxRefID>PAX2</PaxRefID>
                            <ServiceAssociations>
                                <PaxJourneyRefID>PJ9</PaxJourneyRefID>
                            </ServiceAssociations>
                            <ServiceID>SV9</ServiceID>
                        </Service>
                    </OfferItem>
                    <OwnerCode>VY</OwnerCode>
                    <TotalPrice>
                        <BaseAmount CurCode="EUR">80.98</BaseAmount>
                        <TotalAmount CurCode="EUR">80.98</TotalAmount>
                    </TotalPrice>
                </Offer>
                <Offer>
                    <BaggageAllowance>
                        <BaggageAllowanceRefID>BA2</BaggageAllowanceRefID>
                        <BaggageFlightAssociations>
                            <PaxSegmentRefID>SEG1</PaxSegmentRefID>
                        </BaggageFlightAssociations>
                        <PaxRefID>PAX1</PaxRefID>
                        <PaxRefID>PAX2</PaxRefID>
                    </BaggageAllowance>
                    <JourneyOverview>
                        <JourneyPriceClass>
                            <PaxJourneyRefID>PJ1</PaxJourneyRefID>
                            <PriceClassRefID>PC2</PriceClassRefID>
                        </JourneyPriceClass>
                    </JourneyOverview>
                    <OfferID>a3e2d66a-7228-433b-aec0-e5d35ff164b0</OfferID>
                    <OfferItem>
                        <FareDetail>
                            <FareComponent>
                                <CabinType>
                                    <CabinTypeName>ECONOMY</CabinTypeName>
                                </CabinType>
                                <FareBasisCode>OPTI</FareBasisCode>
                                <PaxSegmentRefID>SEG1</PaxSegmentRefID>
                                <PriceClassRefID>PC2</PriceClassRefID>
                            </FareComponent>
                            <FarePriceType>
                                <Price>
                                    <BaseAmount CurCode="EUR">47.49</BaseAmount>
                                    <TotalAmount CurCode="EUR">47.49</TotalAmount>
                                </Price>
                            </FarePriceType>
                            <PaxRefID>PAX1</PaxRefID>
                            <PaxRefID>PAX2</PaxRefID>
                        </FareDetail>
                        <OfferItemID>da55dc32-b52c-452b-8d44-11ade872a7bf</OfferItemID>
                        <Price>
                            <BaseAmount CurCode="EUR">94.98</BaseAmount>
                            <TotalAmount CurCode="EUR">94.98</TotalAmount>
                        </Price>
                        <Service>
                            <PaxRefID>PAX1</PaxRefID>
                            <PaxRefID>PAX2</PaxRefID>
                            <ServiceAssociations>
                                <PaxJourneyRefID>PJ1</PaxJourneyRefID>
                            </ServiceAssociations>
                            <ServiceID>SV10</ServiceID>
                        </Service>
                    </OfferItem>
                    <OwnerCode>VY</OwnerCode>
                    <TotalPrice>
                        <BaseAmount CurCode="EUR">94.98</BaseAmount>
                        <TotalAmount CurCode="EUR">94.98</TotalAmount>
                    </TotalPrice>
                </Offer>
                <Offer>
                    <BaggageAllowance>
                        <BaggageAllowanceRefID>BA2</BaggageAllowanceRefID>
                        <BaggageFlightAssociations>
                            <PaxSegmentRefID>SEG2</PaxSegmentRefID>
                        </BaggageFlightAssociations>
                        <PaxRefID>PAX1</PaxRefID>
                        <PaxRefID>PAX2</PaxRefID>
                    </BaggageAllowance>
                    <JourneyOverview>
                        <JourneyPriceClass>
                            <PaxJourneyRefID>PJ2</PaxJourneyRefID>
                            <PriceClassRefID>PC2</PriceClassRefID>
                        </JourneyPriceClass>
                    </JourneyOverview>
                    <OfferID>e9a86ad4-32e7-4154-b7a3-8c08635caf6d</OfferID>
                    <OfferItem>
                        <FareDetail>
                            <FareComponent>
                                <CabinType>
                                    <CabinTypeName>ECONOMY</CabinTypeName>
                                </CabinType>
                                <FareBasisCode>OPTI</FareBasisCode>
                                <PaxSegmentRefID>SEG2</PaxSegmentRefID>
                                <PriceClassRefID>PC2</PriceClassRefID>
                            </FareComponent>
                            <FarePriceType>
                                <Price>
                                    <BaseAmount CurCode="EUR">47.49</BaseAmount>
                                    <TotalAmount CurCode="EUR">47.49</TotalAmount>
                                </Price>
                            </FarePriceType>
                            <PaxRefID>PAX1</PaxRefID>
                            <PaxRefID>PAX2</PaxRefID>
                        </FareDetail>
                        <OfferItemID>358194d6-a823-42f5-9010-c2fcb7df4f06</OfferItemID>
                        <Price>
                            <BaseAmount CurCode="EUR">94.98</BaseAmount>
                            <TotalAmount CurCode="EUR">94.98</TotalAmount>
                        </Price>
                        <Service>
                            <PaxRefID>PAX1</PaxRefID>
                            <PaxRefID>PAX2</PaxRefID>
                            <ServiceAssociations>
                                <PaxJourneyRefID>PJ2</PaxJourneyRefID>
                            </ServiceAssociations>
                            <ServiceID>SV11</ServiceID>
                        </Service>
                    </OfferItem>
                    <OwnerCode>VY</OwnerCode>
                    <TotalPrice>
                        <BaseAmount CurCode="EUR">94.98</BaseAmount>
                        <TotalAmount CurCode="EUR">94.98</TotalAmount>
                    </TotalPrice>
                </Offer>
                <Offer>
                    <BaggageAllowance>
                        <BaggageAllowanceRefID>BA2</BaggageAllowanceRefID>
                        <BaggageFlightAssociations>
                            <PaxSegmentRefID>SEG3</PaxSegmentRefID>
                        </BaggageFlightAssociations>
                        <PaxRefID>PAX1</PaxRefID>
                        <PaxRefID>PAX2</PaxRefID>
                    </BaggageAllowance>
                    <JourneyOverview>
                        <JourneyPriceClass>
                            <PaxJourneyRefID>PJ3</PaxJourneyRefID>
                            <PriceClassRefID>PC2</PriceClassRefID>
                        </JourneyPriceClass>
                    </JourneyOverview>
                    <OfferID>7a8f3cf5-f237-4442-9502-cfb80b043430</OfferID>
                    <OfferItem>
                        <FareDetail>
                            <FareComponent>
                                <CabinType>
                                    <CabinTypeName>ECONOMY</CabinTypeName>
                                </CabinType>
                                <FareBasisCode>OPTI</FareBasisCode>
                                <PaxSegmentRefID>SEG3</PaxSegmentRefID>
                                <PriceClassRefID>PC2</PriceClassRefID>
                            </FareComponent>
                            <FarePriceType>
                                <Price>
                                    <BaseAmount CurCode="EUR">47.49</BaseAmount>
                                    <TotalAmount CurCode="EUR">47.49</TotalAmount>
                                </Price>
                            </FarePriceType>
                            <PaxRefID>PAX1</PaxRefID>
                            <PaxRefID>PAX2</PaxRefID>
                        </FareDetail>
                        <OfferItemID>5ffb65be-37d6-427f-89e3-a86d88cf5cc4</OfferItemID>
                        <Price>
                            <BaseAmount CurCode="EUR">94.98</BaseAmount>
                            <TotalAmount CurCode="EUR">94.98</TotalAmount>
                        </Price>
                        <Service>
                            <PaxRefID>PAX1</PaxRefID>
                            <PaxRefID>PAX2</PaxRefID>
                            <ServiceAssociations>
                                <PaxJourneyRefID>PJ3</PaxJourneyRefID>
                            </ServiceAssociations>
                            <ServiceID>SV12</ServiceID>
                        </Service>
                    </OfferItem>
                    <OwnerCode>VY</OwnerCode>
                    <TotalPrice>
                        <BaseAmount CurCode="EUR">94.98</BaseAmount>
                        <TotalAmount CurCode="EUR">94.98</TotalAmount>
                    </TotalPrice>
                </Offer>
                <Offer>
                    <BaggageAllowance>
                        <BaggageAllowanceRefID>BA2</BaggageAllowanceRefID>
                        <BaggageFlightAssociations>
                            <PaxSegmentRefID>SEG4</PaxSegmentRefID>
                        </BaggageFlightAssociations>
                        <PaxRefID>PAX1</PaxRefID>
                        <PaxRefID>PAX2</PaxRefID>
                    </BaggageAllowance>
                    <JourneyOverview>
                        <JourneyPriceClass>
                            <PaxJourneyRefID>PJ4</PaxJourneyRefID>
                            <PriceClassRefID>PC2</PriceClassRefID>
                        </JourneyPriceClass>
                    </JourneyOverview>
                    <OfferID>6d683d27-391f-445f-96ab-46cba4cdf1f2</OfferID>
                    <OfferItem>
                        <FareDetail>
                            <FareComponent>
                                <CabinType>
                                    <CabinTypeName>ECONOMY</CabinTypeName>
                                </CabinType>
                                <FareBasisCode>OPTI</FareBasisCode>
                                <PaxSegmentRefID>SEG4</PaxSegmentRefID>
                                <PriceClassRefID>PC2</PriceClassRefID>
                            </FareComponent>
                            <FarePriceType>
                                <Price>
                                    <BaseAmount CurCode="EUR">47.49</BaseAmount>
                                    <TotalAmount CurCode="EUR">47.49</TotalAmount>
                                </Price>
                            </FarePriceType>
                            <PaxRefID>PAX1</PaxRefID>
                            <PaxRefID>PAX2</PaxRefID>
                        </FareDetail>
                        <OfferItemID>2e8942d5-b87a-4f7a-bc51-84e995a6bd9c</OfferItemID>
                        <Price>
                            <BaseAmount CurCode="EUR">94.98</BaseAmount>
                            <TotalAmount CurCode="EUR">94.98</TotalAmount>
                        </Price>
                        <Service>
                            <PaxRefID>PAX1</PaxRefID>
                            <PaxRefID>PAX2</PaxRefID>
                            <ServiceAssociations>
                                <PaxJourneyRefID>PJ4</PaxJourneyRefID>
                            </ServiceAssociations>
                            <ServiceID>SV13</ServiceID>
                        </Service>
                    </OfferItem>
                    <OwnerCode>VY</OwnerCode>
                    <TotalPrice>
                        <BaseAmount CurCode="EUR">94.98</BaseAmount>
                        <TotalAmount CurCode="EUR">94.98</TotalAmount>
                    </TotalPrice>
                </Offer>
                <Offer>
                    <BaggageAllowance>
                        <BaggageAllowanceRefID>BA2</BaggageAllowanceRefID>
                        <BaggageFlightAssociations>
                            <PaxSegmentRefID>SEG5</PaxSegmentRefID>
                        </BaggageFlightAssociations>
                        <PaxRefID>PAX1</PaxRefID>
                        <PaxRefID>PAX2</PaxRefID>
                    </BaggageAllowance>
                    <JourneyOverview>
                        <JourneyPriceClass>
                            <PaxJourneyRefID>PJ5</PaxJourneyRefID>
                            <PriceClassRefID>PC2</PriceClassRefID>
                        </JourneyPriceClass>
                    </JourneyOverview>
                    <OfferID>460105fe-8434-4d56-b095-12c6548367f5</OfferID>
                    <OfferItem>
                        <FareDetail>
                            <FareComponent>
                                <CabinType>
                                    <CabinTypeName>ECONOMY</CabinTypeName>
                                </CabinType>
                                <FareBasisCode>OPTI</FareBasisCode>
                                <PaxSegmentRefID>SEG5</PaxSegmentRefID>
                                <PriceClassRefID>PC2</PriceClassRefID>
                            </FareComponent>
                            <FarePriceType>
                                <Price>
                                    <BaseAmount CurCode="EUR">51.49</BaseAmount>
                                    <TotalAmount CurCode="EUR">51.49</TotalAmount>
                                </Price>
                            </FarePriceType>
                            <PaxRefID>PAX1</PaxRefID>
                            <PaxRefID>PAX2</PaxRefID>
                        </FareDetail>
                        <OfferItemID>73ce7525-6b4d-460e-9f4c-6e64c230c80b</OfferItemID>
                        <Price>
                            <BaseAmount CurCode="EUR">102.98</BaseAmount>
                            <TotalAmount CurCode="EUR">102.98</TotalAmount>
                        </Price>
                        <Service>
                            <PaxRefID>PAX1</PaxRefID>
                            <PaxRefID>PAX2</PaxRefID>
                            <ServiceAssociations>
                                <PaxJourneyRefID>PJ5</PaxJourneyRefID>
                            </ServiceAssociations>
                            <ServiceID>SV14</ServiceID>
                        </Service>
                    </OfferItem>
                    <OwnerCode>VY</OwnerCode>
                    <TotalPrice>
                        <BaseAmount CurCode="EUR">102.98</BaseAmount>
                        <TotalAmount CurCode="EUR">102.98</TotalAmount>
                    </TotalPrice>
                </Offer>
                <Offer>
                    <BaggageAllowance>
                        <BaggageAllowanceRefID>BA2</BaggageAllowanceRefID>
                        <BaggageFlightAssociations>
                            <PaxSegmentRefID>SEG6</PaxSegmentRefID>
                        </BaggageFlightAssociations>
                        <PaxRefID>PAX1</PaxRefID>
                        <PaxRefID>PAX2</PaxRefID>
                    </BaggageAllowance>
                    <JourneyOverview>
                        <JourneyPriceClass>
                            <PaxJourneyRefID>PJ6</PaxJourneyRefID>
                            <PriceClassRefID>PC2</PriceClassRefID>
                        </JourneyPriceClass>
                    </JourneyOverview>
                    <OfferID>398aa06b-1233-460a-9071-f4797c7f8d46</OfferID>
                    <OfferItem>
                        <FareDetail>
                            <FareComponent>
                                <CabinType>
                                    <CabinTypeName>ECONOMY</CabinTypeName>
                                </CabinType>
                                <FareBasisCode>OPTI</FareBasisCode>
                                <PaxSegmentRefID>SEG6</PaxSegmentRefID>
                                <PriceClassRefID>PC2</PriceClassRefID>
                            </FareComponent>
                            <FarePriceType>
                                <Price>
                                    <BaseAmount CurCode="EUR">51.49</BaseAmount>
                                    <TotalAmount CurCode="EUR">51.49</TotalAmount>
                                </Price>
                            </FarePriceType>
                            <PaxRefID>PAX1</PaxRefID>
                            <PaxRefID>PAX2</PaxRefID>
                        </FareDetail>
                        <OfferItemID>c77cb2e2-26d2-4118-8a53-c57d99b4b09b</OfferItemID>
                        <Price>
                            <BaseAmount CurCode="EUR">102.98</BaseAmount>
                            <TotalAmount CurCode="EUR">102.98</TotalAmount>
                        </Price>
                        <Service>
                            <PaxRefID>PAX1</PaxRefID>
                            <PaxRefID>PAX2</PaxRefID>
                            <ServiceAssociations>
                                <PaxJourneyRefID>PJ6</PaxJourneyRefID>
                            </ServiceAssociations>
                            <ServiceID>SV15</ServiceID>
                        </Service>
                    </OfferItem>
                    <OwnerCode>VY</OwnerCode>
                    <TotalPrice>
                        <BaseAmount CurCode="EUR">102.98</BaseAmount>
                        <TotalAmount CurCode="EUR">102.98</TotalAmount>
                    </TotalPrice>
                </Offer>
                <Offer>
                    <BaggageAllowance>
                        <BaggageAllowanceRefID>BA2</BaggageAllowanceRefID>
                        <BaggageFlightAssociations>
                            <PaxSegmentRefID>SEG7</PaxSegmentRefID>
                        </BaggageFlightAssociations>
                        <PaxRefID>PAX1</PaxRefID>
                        <PaxRefID>PAX2</PaxRefID>
                    </BaggageAllowance>
                    <JourneyOverview>
                        <JourneyPriceClass>
                            <PaxJourneyRefID>PJ7</PaxJourneyRefID>
                            <PriceClassRefID>PC2</PriceClassRefID>
                        </JourneyPriceClass>
                    </JourneyOverview>
                    <OfferID>08caa10d-25bc-4c3f-94c3-3332abe5d506</OfferID>
                    <OfferItem>
                        <FareDetail>
                            <FareComponent>
                                <CabinType>
                                    <CabinTypeName>ECONOMY</CabinTypeName>
                                </CabinType>
                                <FareBasisCode>OPTI</FareBasisCode>
                                <PaxSegmentRefID>SEG7</PaxSegmentRefID>
                                <PriceClassRefID>PC2</PriceClassRefID>
                            </FareComponent>
                            <FarePriceType>
                                <Price>
                                    <BaseAmount CurCode="EUR">51.49</BaseAmount>
                                    <TotalAmount CurCode="EUR">51.49</TotalAmount>
                                </Price>
                            </FarePriceType>
                            <PaxRefID>PAX1</PaxRefID>
                            <PaxRefID>PAX2</PaxRefID>
                        </FareDetail>
                        <OfferItemID>7cdbda05-20e6-40a1-81d2-cef8f4faf692</OfferItemID>
                        <Price>
                            <BaseAmount CurCode="EUR">102.98</BaseAmount>
                            <TotalAmount CurCode="EUR">102.98</TotalAmount>
                        </Price>
                        <Service>
                            <PaxRefID>PAX1</PaxRefID>
                            <PaxRefID>PAX2</PaxRefID>
                            <ServiceAssociations>
                                <PaxJourneyRefID>PJ7</PaxJourneyRefID>
                            </ServiceAssociations>
                            <ServiceID>SV16</ServiceID>
                        </Service>
                    </OfferItem>
                    <OwnerCode>VY</OwnerCode>
                    <TotalPrice>
                        <BaseAmount CurCode="EUR">102.98</BaseAmount>
                        <TotalAmount CurCode="EUR">102.98</TotalAmount>
                    </TotalPrice>
                </Offer>
                <Offer>
                    <BaggageAllowance>
                        <BaggageAllowanceRefID>BA2</BaggageAllowanceRefID>
                        <BaggageFlightAssociations>
                            <PaxSegmentRefID>SEG8</PaxSegmentRefID>
                        </BaggageFlightAssociations>
                        <PaxRefID>PAX1</PaxRefID>
                        <PaxRefID>PAX2</PaxRefID>
                    </BaggageAllowance>
                    <JourneyOverview>
                        <JourneyPriceClass>
                            <PaxJourneyRefID>PJ8</PaxJourneyRefID>
                            <PriceClassRefID>PC2</PriceClassRefID>
                        </JourneyPriceClass>
                    </JourneyOverview>
                    <OfferID>c2ae01ca-95b8-4d41-8bab-c1ce330cb6b6</OfferID>
                    <OfferItem>
                        <FareDetail>
                            <FareComponent>
                                <CabinType>
                                    <CabinTypeName>ECONOMY</CabinTypeName>
                                </CabinType>
                                <FareBasisCode>OPTI</FareBasisCode>
                                <PaxSegmentRefID>SEG8</PaxSegmentRefID>
                                <PriceClassRefID>PC2</PriceClassRefID>
                            </FareComponent>
                            <FarePriceType>
                                <Price>
                                    <BaseAmount CurCode="EUR">51.49</BaseAmount>
                                    <TotalAmount CurCode="EUR">51.49</TotalAmount>
                                </Price>
                            </FarePriceType>
                            <PaxRefID>PAX1</PaxRefID>
                            <PaxRefID>PAX2</PaxRefID>
                        </FareDetail>
                        <OfferItemID>806aff68-31c5-4f82-bb11-fb962e63c39c</OfferItemID>
                        <Price>
                            <BaseAmount CurCode="EUR">102.98</BaseAmount>
                            <TotalAmount CurCode="EUR">102.98</TotalAmount>
                        </Price>
                        <Service>
                            <PaxRefID>PAX1</PaxRefID>
                            <PaxRefID>PAX2</PaxRefID>
                            <ServiceAssociations>
                                <PaxJourneyRefID>PJ8</PaxJourneyRefID>
                            </ServiceAssociations>
                            <ServiceID>SV17</ServiceID>
                        </Service>
                    </OfferItem>
                    <OwnerCode>VY</OwnerCode>
                    <TotalPrice>
                        <BaseAmount CurCode="EUR">102.98</BaseAmount>
                        <TotalAmount CurCode="EUR">102.98</TotalAmount>
                    </TotalPrice>
                </Offer>
                <Offer>
                    <BaggageAllowance>
                        <BaggageAllowanceRefID>BA2</BaggageAllowanceRefID>
                        <BaggageFlightAssociations>
                            <PaxSegmentRefID>SEG9</PaxSegmentRefID>
                        </BaggageFlightAssociations>
                        <PaxRefID>PAX1</PaxRefID>
                        <PaxRefID>PAX2</PaxRefID>
                    </BaggageAllowance>
                    <JourneyOverview>
                        <JourneyPriceClass>
                            <PaxJourneyRefID>PJ9</PaxJourneyRefID>
                            <PriceClassRefID>PC2</PriceClassRefID>
                        </JourneyPriceClass>
                    </JourneyOverview>
                    <OfferID>01808d0e-2ff2-48c3-ab88-d3e9c3579a14</OfferID>
                    <OfferItem>
                        <FareDetail>
                            <FareComponent>
                                <CabinType>
                                    <CabinTypeName>ECONOMY</CabinTypeName>
                                </CabinType>
                                <FareBasisCode>OPTI</FareBasisCode>
                                <PaxSegmentRefID>SEG9</PaxSegmentRefID>
                                <PriceClassRefID>PC2</PriceClassRefID>
                            </FareComponent>
                            <FarePriceType>
                                <Price>
                                    <BaseAmount CurCode="EUR">55.49</BaseAmount>
                                    <TotalAmount CurCode="EUR">55.49</TotalAmount>
                                </Price>
                            </FarePriceType>
                            <PaxRefID>PAX1</PaxRefID>
                            <PaxRefID>PAX2</PaxRefID>
                        </FareDetail>
                        <OfferItemID>fd4f9d5f-2c6a-4e9e-bd13-992e09d530b5</OfferItemID>
                        <Price>
                            <BaseAmount CurCode="EUR">110.98</BaseAmount>
                            <TotalAmount CurCode="EUR">110.98</TotalAmount>
                        </Price>
                        <Service>
                            <PaxRefID>PAX1</PaxRefID>
                            <PaxRefID>PAX2</PaxRefID>
                            <ServiceAssociations>
                                <PaxJourneyRefID>PJ9</PaxJourneyRefID>
                            </ServiceAssociations>
                            <ServiceID>SV18</ServiceID>
                        </Service>
                    </OfferItem>
                    <OwnerCode>VY</OwnerCode>
                    <TotalPrice>
                        <BaseAmount CurCode="EUR">110.98</BaseAmount>
                        <TotalAmount CurCode="EUR">110.98</TotalAmount>
                    </TotalPrice>
                </Offer>
                <Offer>
                    <BaggageAllowance>
                        <BaggageAllowanceRefID>BA1</BaggageAllowanceRefID>
                        <BaggageFlightAssociations>
                            <PaxSegmentRefID>SEG10</PaxSegmentRefID>
                        </BaggageFlightAssociations>
                        <PaxRefID>PAX1</PaxRefID>
                        <PaxRefID>PAX2</PaxRefID>
                    </BaggageAllowance>
                    <JourneyOverview>
                        <JourneyPriceClass>
                            <PaxJourneyRefID>PJ10</PaxJourneyRefID>
                            <PriceClassRefID>PC1</PriceClassRefID>
                        </JourneyPriceClass>
                    </JourneyOverview>
                    <OfferID>766b1b68-ce3d-4724-87d7-86319879f2e5</OfferID>
                    <OfferItem>
                        <FareDetail>
                            <FareComponent>
                                <CabinType>
                                    <CabinTypeName>ECONOMY</CabinTypeName>
                                </CabinType>
                                <FareBasisCode>PB01</FareBasisCode>
                                <PaxSegmentRefID>SEG10</PaxSegmentRefID>
                                <PriceClassRefID>PC1</PriceClassRefID>
                            </FareComponent>
                            <FarePriceType>
                                <Price>
                                    <BaseAmount CurCode="EUR">279.49</BaseAmount>
                                    <TotalAmount CurCode="EUR">279.49</TotalAmount>
                                </Price>
                            </FarePriceType>
                            <PaxRefID>PAX1</PaxRefID>
                            <PaxRefID>PAX2</PaxRefID>
                        </FareDetail>
                        <OfferItemID>04d3e5c9-8c1b-4c53-9687-98ce8ce1a545</OfferItemID>
                        <Price>
                            <BaseAmount CurCode="EUR">558.98</BaseAmount>
                            <TotalAmount CurCode="EUR">558.98</TotalAmount>
                        </Price>
                        <Service>
                            <PaxRefID>PAX1</PaxRefID>
                            <PaxRefID>PAX2</PaxRefID>
                            <ServiceAssociations>
                                <PaxJourneyRefID>PJ10</PaxJourneyRefID>
                            </ServiceAssociations>
                            <ServiceID>SV19</ServiceID>
                        </Service>
                    </OfferItem>
                    <OwnerCode>VY</OwnerCode>
                    <TotalPrice>
                        <BaseAmount CurCode="EUR">558.98</BaseAmount>
                        <TotalAmount CurCode="EUR">558.98</TotalAmount>
                    </TotalPrice>
                </Offer>
                <Offer>
                    <BaggageAllowance>
                        <BaggageAllowanceRefID>BA2</BaggageAllowanceRefID>
                        <BaggageFlightAssociations>
                            <PaxSegmentRefID>SEG10</PaxSegmentRefID>
                        </BaggageFlightAssociations>
                        <PaxRefID>PAX1</PaxRefID>
                        <PaxRefID>PAX2</PaxRefID>
                    </BaggageAllowance>
                    <JourneyOverview>
                        <JourneyPriceClass>
                            <PaxJourneyRefID>PJ10</PaxJourneyRefID>
                            <PriceClassRefID>PC2</PriceClassRefID>
                        </JourneyPriceClass>
                    </JourneyOverview>
                    <OfferID>48e036b6-9b15-4d79-b550-bfa9bc53ef1c</OfferID>
                    <OfferItem>
                        <FareDetail>
                            <FareComponent>
                                <CabinType>
                                    <CabinTypeName>ECONOMY</CabinTypeName>
                                </CabinType>
                                <FareBasisCode>OPTI</FareBasisCode>
                                <PaxSegmentRefID>SEG10</PaxSegmentRefID>
                                <PriceClassRefID>PC2</PriceClassRefID>
                            </FareComponent>
                            <FarePriceType>
                                <Price>
                                    <BaseAmount CurCode="EUR">305.49</BaseAmount>
                                    <TotalAmount CurCode="EUR">305.49</TotalAmount>
                                </Price>
                            </FarePriceType>
                            <PaxRefID>PAX1</PaxRefID>
                            <PaxRefID>PAX2</PaxRefID>
                        </FareDetail>
                        <OfferItemID>39a2094e-85ec-42d0-b3d8-bc2df0ce939d</OfferItemID>
                        <Price>
                            <BaseAmount CurCode="EUR">610.98</BaseAmount>
                            <TotalAmount CurCode="EUR">610.98</TotalAmount>
                        </Price>
                        <Service>
                            <PaxRefID>PAX1</PaxRefID>
                            <PaxRefID>PAX2</PaxRefID>
                            <ServiceAssociations>
                                <PaxJourneyRefID>PJ10</PaxJourneyRefID>
                            </ServiceAssociations>
                            <ServiceID>SV20</ServiceID>
                        </Service>
                    </OfferItem>
                    <OwnerCode>VY</OwnerCode>
                    <TotalPrice>
                        <BaseAmount CurCode="EUR">610.98</BaseAmount>
                        <TotalAmount CurCode="EUR">610.98</TotalAmount>
                    </TotalPrice>
                </Offer>
            </CarrierOffers>
        </OffersGroup>
        <ShoppingResponse>
            <ShoppingResponseRefID>bcb3f747-b0b1-4a29-9de9-cfebfba5034d</ShoppingResponseRefID>
        </ShoppingResponse>
    </Response>
    <PayloadAttributes>
        <CorrelationID>48e036b6-9b15-4d79-b550-bfa9bc53ef1c</CorrelationID>
        <Timestamp>2020-09-30T17:47:59.780</Timestamp>
        <VersionNumber>19.2</VersionNumber>
    </PayloadAttributes>
</IATA_AirShoppingRS>
