<?xml version="1.0" encoding="UTF-8" standalone="yes"?>
<IATA_AirShoppingRQ xmlns="http://www.iata.org/IATA/2015/00/2019.2/IATA_AirShoppingRQ">
    <Party>
        <Sender>
            <TravelAgency>
                <AgencyID>1234</AgencyID>
            </TravelAgency>
        </Sender>
    </Party>
    <PayloadAttributes>
        <CorrelationID>8cdc4aef-6d24-4672-b6f0-8c454d135270</CorrelationID>
        <VersionNumber>19.2</VersionNumber>
    </PayloadAttributes>
    <Request>
        <FlightCriteria>
            <OriginDestCriteria>
                <DestArrivalCriteria>
                    <IATA_LocationCode>ADA</IATA_LocationCode>
                </DestArrivalCriteria>
                <OriginDepCriteria>
                    <Date>2020-10-06</Date>
                    <IATA_LocationCode>SAW</IATA_LocationCode>
                </OriginDepCriteria>
            </OriginDestCriteria>
            <OriginDestCriteria>
                <DestArrivalCriteria>
                    <IATA_LocationCode>SAW</IATA_LocationCode>
                </DestArrivalCriteria>
                <OriginDepCriteria>
                    <Date>2020-10-12</Date>
                    <IATA_LocationCode>ADA</IATA_LocationCode>
                </OriginDepCriteria>
            </OriginDestCriteria>
        </FlightCriteria>
        <Paxs>
            <Pax>
                <PaxID>PAX1</PaxID>
                <PTC>ADT</PTC>
            </Pax>
            <Pax>
                <PaxID>PAX2</PaxID>
                <PTC>ADT</PTC>
            </Pax>
        </Paxs>
        <ResponseParameters>
            <CurParameter>
                <RequestedCurCode>EUR</RequestedCurCode>
            </CurParameter>
            <LangUsage>
                <LangCode>en-GB</LangCode>
            </LangUsage>
        </ResponseParameters>
        <ShoppingCriteria>
            <FlightCriteria>
                <CabinType>
                    <CabinTypeName>ECONOMY</CabinTypeName>
                </CabinType>
            </FlightCriteria>
        </ShoppingCriteria>
    </Request>
</IATA_AirShoppingRQ>
