<?xml version="1.0" encoding="UTF-8" standalone="yes"?>
<IATA_AirShoppingRS xmlns="http://www.iata.org/IATA/2015/00/2019.2/IATA_AirShoppingRS">
    <Response>
        <DataLists>
            <BaggageAllowanceList>
                <BaggageAllowance>
                    <BaggageAllowanceID>BA1</BaggageAllowanceID>
                    <PieceAllowance>
                        <ApplicablePartyText>Traveler</ApplicablePartyText>
                        <TotalQty>1</TotalQty>
                    </PieceAllowance>
                    <TypeCode>Checked</TypeCode>
                </BaggageAllowance>
            </BaggageAllowanceList>
            <OriginDestList>
                <OriginDest>
                    <DestCode>ADA</DestCode>
                    <OriginCode>SAW</OriginCode>
                    <OriginDestID>OD1</OriginDestID>
                    <PaxJourneyRefID>PJ1</PaxJourneyRefID>
                    <PaxJourneyRefID>PJ2</PaxJourneyRefID>
                    <PaxJourneyRefID>PJ3</PaxJourneyRefID>
                    <PaxJourneyRefID>PJ4</PaxJourneyRefID>
                    <PaxJourneyRefID>PJ5</PaxJourneyRefID>
                    <PaxJourneyRefID>PJ6</PaxJourneyRefID>
                    <PaxJourneyRefID>PJ7</PaxJourneyRefID>
                </OriginDest>
                <OriginDest>
                    <DestCode>SAW</DestCode>
                    <OriginCode>ADA</OriginCode>
                    <OriginDestID>OD2</OriginDestID>
                    <PaxJourneyRefID>PJ8</PaxJourneyRefID>
                    <PaxJourneyRefID>PJ9</PaxJourneyRefID>
                    <PaxJourneyRefID>PJ10</PaxJourneyRefID>
                    <PaxJourneyRefID>PJ11</PaxJourneyRefID>
                    <PaxJourneyRefID>PJ12</PaxJourneyRefID>
                    <PaxJourneyRefID>PJ13</PaxJourneyRefID>
                    <PaxJourneyRefID>PJ14</PaxJourneyRefID>
                </OriginDest>
            </OriginDestList>
            <PaxJourneyList>
                <PaxJourney>
                    <Duration>P0Y0M0DT1H30M0S</Duration>
                    <PaxJourneyID>PJ1</PaxJourneyID>
                    <PaxSegmentRefID>SEG1</PaxSegmentRefID>
                </PaxJourney>
                <PaxJourney>
                    <Duration>P0Y0M0DT1H25M0S</Duration>
                    <PaxJourneyID>PJ2</PaxJourneyID>
                    <PaxSegmentRefID>SEG2</PaxSegmentRefID>
                </PaxJourney>
                <PaxJourney>
                    <Duration>P0Y0M0DT1H30M0S</Duration>
                    <PaxJourneyID>PJ3</PaxJourneyID>
                    <PaxSegmentRefID>SEG3</PaxSegmentRefID>
                </PaxJourney>
                <PaxJourney>
                    <Duration>P0Y0M0DT1H30M0S</Duration>
                    <PaxJourneyID>PJ4</PaxJourneyID>
                    <PaxSegmentRefID>SEG4</PaxSegmentRefID>
                </PaxJourney>
                <PaxJourney>
                    <Duration>P0Y0M0DT1H25M0S</Duration>
                    <PaxJourneyID>PJ5</PaxJourneyID>
                    <PaxSegmentRefID>SEG5</PaxSegmentRefID>
                </PaxJourney>
                <PaxJourney>
                    <Duration>P0Y0M0DT1H30M0S</Duration>
                    <PaxJourneyID>PJ6</PaxJourneyID>
                    <PaxSegmentRefID>SEG6</PaxSegmentRefID>
                </PaxJourney>
                <PaxJourney>
                    <Duration>P0Y0M0DT1H30M0S</Duration>
                    <PaxJourneyID>PJ7</PaxJourneyID>
                    <PaxSegmentRefID>SEG7</PaxSegmentRefID>
                </PaxJourney>
                <PaxJourney>
                    <Duration>P0Y0M0DT1H30M0S</Duration>
                    <PaxJourneyID>PJ8</PaxJourneyID>
                    <PaxSegmentRefID>SEG8</PaxSegmentRefID>
                </PaxJourney>
                <PaxJourney>
                    <Duration>P0Y0M0DT1H30M0S</Duration>
                    <PaxJourneyID>PJ9</PaxJourneyID>
                    <PaxSegmentRefID>SEG9</PaxSegmentRefID>
                </PaxJourney>
                <PaxJourney>
                    <Duration>P0Y0M0DT1H30M0S</Duration>
                    <PaxJourneyID>PJ10</PaxJourneyID>
                    <PaxSegmentRefID>SEG10</PaxSegmentRefID>
                </PaxJourney>
                <PaxJourney>
                    <Duration>P0Y0M0DT1H30M0S</Duration>
                    <PaxJourneyID>PJ11</PaxJourneyID>
                    <PaxSegmentRefID>SEG11</PaxSegmentRefID>
                </PaxJourney>
                <PaxJourney>
                    <Duration>P0Y0M0DT1H30M0S</Duration>
                    <PaxJourneyID>PJ12</PaxJourneyID>
                    <PaxSegmentRefID>SEG12</PaxSegmentRefID>
                </PaxJourney>
                <PaxJourney>
                    <Duration>P0Y0M0DT1H30M0S</Duration>
                    <PaxJourneyID>PJ13</PaxJourneyID>
                    <PaxSegmentRefID>SEG13</PaxSegmentRefID>
                </PaxJourney>
                <PaxJourney>
                    <Duration>P0Y0M0DT1H30M0S</Duration>
                    <PaxJourneyID>PJ14</PaxJourneyID>
                    <PaxSegmentRefID>SEG14</PaxSegmentRefID>
                </PaxJourney>
            </PaxJourneyList>
            <PaxList>
                <Pax>
                    <PaxID>PAX1</PaxID>
                    <PTC>ADT</PTC>
                </Pax>
                <Pax>
                    <PaxID>PAX2</PaxID>
                    <PTC>ADT</PTC>
                </Pax>
            </PaxList>
            <PaxSegmentList>
                <PaxSegment>
                    <Arrival>
                        <AircraftScheduledDateTime>2020-10-06T01:35:00</AircraftScheduledDateTime>
                        <IATA_LocationCode>ADA</IATA_LocationCode>
                    </Arrival>
                    <Dep>
                        <AircraftScheduledDateTime>2020-10-06T00:05:00</AircraftScheduledDateTime>
                        <IATA_LocationCode>SAW</IATA_LocationCode>
                    </Dep>
                    <Duration>P0Y0M0DT1H30M0S</Duration>
                    <MarketingCarrierInfo>
                        <CarrierDesigCode>PC</CarrierDesigCode>
                        <MarketingCarrierFlightNumberText>2090</MarketingCarrierFlightNumberText>
                    </MarketingCarrierInfo>
                    <OperatingCarrierInfo>
                        <CarrierDesigCode>PC</CarrierDesigCode>
                    </OperatingCarrierInfo>
                    <PaxSegmentID>SEG1</PaxSegmentID>
                </PaxSegment>
                <PaxSegment>
                    <Arrival>
                        <AircraftScheduledDateTime>2020-10-06T07:40:00</AircraftScheduledDateTime>
                        <IATA_LocationCode>ADA</IATA_LocationCode>
                    </Arrival>
                    <Dep>
                        <AircraftScheduledDateTime>2020-10-06T06:15:00</AircraftScheduledDateTime>
                        <IATA_LocationCode>SAW</IATA_LocationCode>
                    </Dep>
                    <Duration>P0Y0M0DT1H25M0S</Duration>
                    <MarketingCarrierInfo>
                        <CarrierDesigCode>PC</CarrierDesigCode>
                        <MarketingCarrierFlightNumberText>2080</MarketingCarrierFlightNumberText>
                    </MarketingCarrierInfo>
                    <OperatingCarrierInfo>
                        <CarrierDesigCode>PC</CarrierDesigCode>
                    </OperatingCarrierInfo>
                    <PaxSegmentID>SEG2</PaxSegmentID>
                </PaxSegment>
                <PaxSegment>
                    <Arrival>
                        <AircraftScheduledDateTime>2020-10-06T10:00:00</AircraftScheduledDateTime>
                        <IATA_LocationCode>ADA</IATA_LocationCode>
                    </Arrival>
                    <Dep>
                        <AircraftScheduledDateTime>2020-10-06T08:30:00</AircraftScheduledDateTime>
                        <IATA_LocationCode>SAW</IATA_LocationCode>
                    </Dep>
                    <Duration>P0Y0M0DT1H30M0S</Duration>
                    <MarketingCarrierInfo>
                        <CarrierDesigCode>PC</CarrierDesigCode>
                        <MarketingCarrierFlightNumberText>2082</MarketingCarrierFlightNumberText>
                    </MarketingCarrierInfo>
                    <OperatingCarrierInfo>
                        <CarrierDesigCode>PC</CarrierDesigCode>
                    </OperatingCarrierInfo>
                    <PaxSegmentID>SEG3</PaxSegmentID>
                </PaxSegment>
                <PaxSegment>
                    <Arrival>
                        <AircraftScheduledDateTime>2020-10-06T12:45:00</AircraftScheduledDateTime>
                        <IATA_LocationCode>ADA</IATA_LocationCode>
                    </Arrival>
                    <Dep>
                        <AircraftScheduledDateTime>2020-10-06T11:15:00</AircraftScheduledDateTime>
                        <IATA_LocationCode>SAW</IATA_LocationCode>
                    </Dep>
                    <Duration>P0Y0M0DT1H30M0S</Duration>
                    <MarketingCarrierInfo>
                        <CarrierDesigCode>PC</CarrierDesigCode>
                        <MarketingCarrierFlightNumberText>2086</MarketingCarrierFlightNumberText>
                    </MarketingCarrierInfo>
                    <OperatingCarrierInfo>
                        <CarrierDesigCode>PC</CarrierDesigCode>
                    </OperatingCarrierInfo>
                    <PaxSegmentID>SEG4</PaxSegmentID>
                </PaxSegment>
                <PaxSegment>
                    <Arrival>
                        <AircraftScheduledDateTime>2020-10-06T18:05:00</AircraftScheduledDateTime>
                        <IATA_LocationCode>ADA</IATA_LocationCode>
                    </Arrival>
                    <Dep>
                        <AircraftScheduledDateTime>2020-10-06T16:40:00</AircraftScheduledDateTime>
                        <IATA_LocationCode>SAW</IATA_LocationCode>
                    </Dep>
                    <Duration>P0Y0M0DT1H25M0S</Duration>
                    <MarketingCarrierInfo>
                        <CarrierDesigCode>PC</CarrierDesigCode>
                        <MarketingCarrierFlightNumberText>2092</MarketingCarrierFlightNumberText>
                    </MarketingCarrierInfo>
                    <OperatingCarrierInfo>
                        <CarrierDesigCode>PC</CarrierDesigCode>
                    </OperatingCarrierInfo>
                    <PaxSegmentID>SEG5</PaxSegmentID>
                </PaxSegment>
                <PaxSegment>
                    <Arrival>
                        <AircraftScheduledDateTime>2020-10-06T21:45:00</AircraftScheduledDateTime>
                        <IATA_LocationCode>ADA</IATA_LocationCode>
                    </Arrival>
                    <Dep>
                        <AircraftScheduledDateTime>2020-10-06T20:15:00</AircraftScheduledDateTime>
                        <IATA_LocationCode>SAW</IATA_LocationCode>
                    </Dep>
                    <Duration>P0Y0M0DT1H30M0S</Duration>
                    <MarketingCarrierInfo>
                        <CarrierDesigCode>PC</CarrierDesigCode>
                        <MarketingCarrierFlightNumberText>2096</MarketingCarrierFlightNumberText>
                    </MarketingCarrierInfo>
                    <OperatingCarrierInfo>
                        <CarrierDesigCode>PC</CarrierDesigCode>
                    </OperatingCarrierInfo>
                    <PaxSegmentID>SEG6</PaxSegmentID>
                </PaxSegment>
                <PaxSegment>
                    <Arrival>
                        <AircraftScheduledDateTime>2020-10-07T00:55:00</AircraftScheduledDateTime>
                        <IATA_LocationCode>ADA</IATA_LocationCode>
                    </Arrival>
                    <Dep>
                        <AircraftScheduledDateTime>2020-10-06T23:25:00</AircraftScheduledDateTime>
                        <IATA_LocationCode>SAW</IATA_LocationCode>
                    </Dep>
                    <Duration>P0Y0M0DT1H30M0S</Duration>
                    <MarketingCarrierInfo>
                        <CarrierDesigCode>PC</CarrierDesigCode>
                        <MarketingCarrierFlightNumberText>2098</MarketingCarrierFlightNumberText>
                    </MarketingCarrierInfo>
                    <OperatingCarrierInfo>
                        <CarrierDesigCode>PC</CarrierDesigCode>
                    </OperatingCarrierInfo>
                    <PaxSegmentID>SEG7</PaxSegmentID>
                </PaxSegment>
                <PaxSegment>
                    <Arrival>
                        <AircraftScheduledDateTime>2020-10-12T07:00:00</AircraftScheduledDateTime>
                        <IATA_LocationCode>SAW</IATA_LocationCode>
                    </Arrival>
                    <Dep>
                        <AircraftScheduledDateTime>2020-10-12T05:30:00</AircraftScheduledDateTime>
                        <IATA_LocationCode>ADA</IATA_LocationCode>
                    </Dep>
                    <Duration>P0Y0M0DT1H30M0S</Duration>
                    <MarketingCarrierInfo>
                        <CarrierDesigCode>PC</CarrierDesigCode>
                        <MarketingCarrierFlightNumberText>2099</MarketingCarrierFlightNumberText>
                    </MarketingCarrierInfo>
                    <OperatingCarrierInfo>
                        <CarrierDesigCode>PC</CarrierDesigCode>
                    </OperatingCarrierInfo>
                    <PaxSegmentID>SEG8</PaxSegmentID>
                </PaxSegment>
                <PaxSegment>
                    <Arrival>
                        <AircraftScheduledDateTime>2020-10-12T09:40:00</AircraftScheduledDateTime>
                        <IATA_LocationCode>SAW</IATA_LocationCode>
                    </Arrival>
                    <Dep>
                        <AircraftScheduledDateTime>2020-10-12T08:10:00</AircraftScheduledDateTime>
                        <IATA_LocationCode>ADA</IATA_LocationCode>
                    </Dep>
                    <Duration>P0Y0M0DT1H30M0S</Duration>
                    <MarketingCarrierInfo>
                        <CarrierDesigCode>PC</CarrierDesigCode>
                        <MarketingCarrierFlightNumberText>2081</MarketingCarrierFlightNumberText>
                    </MarketingCarrierInfo>
                    <OperatingCarrierInfo>
                        <CarrierDesigCode>PC</CarrierDesigCode>
                    </OperatingCarrierInfo>
                    <PaxSegmentID>SEG9</PaxSegmentID>
                </PaxSegment>
                <PaxSegment>
                    <Arrival>
                        <AircraftScheduledDateTime>2020-10-12T12:30:00</AircraftScheduledDateTime>
                        <IATA_LocationCode>SAW</IATA_LocationCode>
                    </Arrival>
                    <Dep>
                        <AircraftScheduledDateTime>2020-10-12T11:00:00</AircraftScheduledDateTime>
                        <IATA_LocationCode>ADA</IATA_LocationCode>
                    </Dep>
                    <Duration>P0Y0M0DT1H30M0S</Duration>
                    <MarketingCarrierInfo>
                        <CarrierDesigCode>PC</CarrierDesigCode>
                        <MarketingCarrierFlightNumberText>2083</MarketingCarrierFlightNumberText>
                    </MarketingCarrierInfo>
                    <OperatingCarrierInfo>
                        <CarrierDesigCode>PC</CarrierDesigCode>
                    </OperatingCarrierInfo>
                    <PaxSegmentID>SEG10</PaxSegmentID>
                </PaxSegment>
                <PaxSegment>
                    <Arrival>
                        <AircraftScheduledDateTime>2020-10-12T14:35:00</AircraftScheduledDateTime>
                        <IATA_LocationCode>SAW</IATA_LocationCode>
                    </Arrival>
                    <Dep>
                        <AircraftScheduledDateTime>2020-10-12T13:05:00</AircraftScheduledDateTime>
                        <IATA_LocationCode>ADA</IATA_LocationCode>
                    </Dep>
                    <Duration>P0Y0M0DT1H30M0S</Duration>
                    <MarketingCarrierInfo>
                        <CarrierDesigCode>PC</CarrierDesigCode>
                        <MarketingCarrierFlightNumberText>2087</MarketingCarrierFlightNumberText>
                    </MarketingCarrierInfo>
                    <OperatingCarrierInfo>
                        <CarrierDesigCode>PC</CarrierDesigCode>
                    </OperatingCarrierInfo>
                    <PaxSegmentID>SEG11</PaxSegmentID>
                </PaxSegment>
                <PaxSegment>
                    <Arrival>
                        <AircraftScheduledDateTime>2020-10-12T18:05:00</AircraftScheduledDateTime>
                        <IATA_LocationCode>SAW</IATA_LocationCode>
                    </Arrival>
                    <Dep>
                        <AircraftScheduledDateTime>2020-10-12T16:35:00</AircraftScheduledDateTime>
                        <IATA_LocationCode>ADA</IATA_LocationCode>
                    </Dep>
                    <Duration>P0Y0M0DT1H30M0S</Duration>
                    <MarketingCarrierInfo>
                        <CarrierDesigCode>PC</CarrierDesigCode>
                        <MarketingCarrierFlightNumberText>2089</MarketingCarrierFlightNumberText>
                    </MarketingCarrierInfo>
                    <OperatingCarrierInfo>
                        <CarrierDesigCode>PC</CarrierDesigCode>
                    </OperatingCarrierInfo>
                    <PaxSegmentID>SEG12</PaxSegmentID>
                </PaxSegment>
                <PaxSegment>
                    <Arrival>
                        <AircraftScheduledDateTime>2020-10-12T20:05:00</AircraftScheduledDateTime>
                        <IATA_LocationCode>SAW</IATA_LocationCode>
                    </Arrival>
                    <Dep>
                        <AircraftScheduledDateTime>2020-10-12T18:35:00</AircraftScheduledDateTime>
                        <IATA_LocationCode>ADA</IATA_LocationCode>
                    </Dep>
                    <Duration>P0Y0M0DT1H30M0S</Duration>
                    <MarketingCarrierInfo>
                        <CarrierDesigCode>PC</CarrierDesigCode>
                        <MarketingCarrierFlightNumberText>2093</MarketingCarrierFlightNumberText>
                    </MarketingCarrierInfo>
                    <OperatingCarrierInfo>
                        <CarrierDesigCode>PC</CarrierDesigCode>
                    </OperatingCarrierInfo>
                    <PaxSegmentID>SEG13</PaxSegmentID>
                </PaxSegment>
                <PaxSegment>
                    <Arrival>
                        <AircraftScheduledDateTime>2020-10-13T00:10:00</AircraftScheduledDateTime>
                        <IATA_LocationCode>SAW</IATA_LocationCode>
                    </Arrival>
                    <Dep>
                        <AircraftScheduledDateTime>2020-10-12T22:40:00</AircraftScheduledDateTime>
                        <IATA_LocationCode>ADA</IATA_LocationCode>
                    </Dep>
                    <Duration>P0Y0M0DT1H30M0S</Duration>
                    <MarketingCarrierInfo>
                        <CarrierDesigCode>PC</CarrierDesigCode>
                        <MarketingCarrierFlightNumberText>2097</MarketingCarrierFlightNumberText>
                    </MarketingCarrierInfo>
                    <OperatingCarrierInfo>
                        <CarrierDesigCode>PC</CarrierDesigCode>
                    </OperatingCarrierInfo>
                    <PaxSegmentID>SEG14</PaxSegmentID>
                </PaxSegment>
            </PaxSegmentList>
            <PriceClassList>
                <PriceClass>
                    <CabinType>
                        <CabinTypeName>ECONOMY</CabinTypeName>
                    </CabinType>
                    <Name>ECONOMY</Name>
                    <PriceClassID>PC1</PriceClassID>
                </PriceClass>
            </PriceClassList>
        </DataLists>
        <OffersGroup>
            <CarrierOffers>
                <Offer>
                    <BaggageAllowance>
                        <BaggageAllowanceRefID>BA1</BaggageAllowanceRefID>
                        <BaggageFlightAssociations>
                            <PaxSegmentRefID>SEG1</PaxSegmentRefID>
                        </BaggageFlightAssociations>
                        <PaxRefID>PAX1</PaxRefID>
                        <PaxRefID>PAX2</PaxRefID>
                    </BaggageAllowance>
                    <JourneyOverview>
                        <JourneyPriceClass>
                            <PaxJourneyRefID>PJ1</PaxJourneyRefID>
                            <PriceClassRefID>PC1</PriceClassRefID>
                        </JourneyPriceClass>
                    </JourneyOverview>
                    <OfferID>1d6f03a6-3568-487d-a603-8a26fc69ddf2</OfferID>
                    <OfferItem>
                        <FareDetail>
                            <FareComponent>
                                <CabinType>
                                    <CabinTypeCode>R</CabinTypeCode>
                                    <CabinTypeName>ECONOMY</CabinTypeName>
                                </CabinType>
                                <FareBasisCode>ROWKLTR</FareBasisCode>
                                <PaxSegmentRefID>SEG1</PaxSegmentRefID>
                                <PriceClassRefID>PC1</PriceClassRefID>
                            </FareComponent>
                            <FarePriceType>
                                <Price>
                                    <BaseAmount CurCode="EUR">21.0</BaseAmount>
                                    <TaxSummary>
                                        <TotalTaxAmount CurCode="EUR">3.0</TotalTaxAmount>
                                    </TaxSummary>
                                    <TotalAmount CurCode="EUR">24.0</TotalAmount>
                                </Price>
                            </FarePriceType>
                            <PaxRefID>PAX1</PaxRefID>
                            <PaxRefID>PAX2</PaxRefID>
                        </FareDetail>
                        <OfferItemID>2bff1296-3e3b-4e1a-bf07-25d3bf755c58</OfferItemID>
                        <Price>
                            <BaseAmount CurCode="EUR">42.0</BaseAmount>
                            <TotalAmount CurCode="EUR">48.0</TotalAmount>
                        </Price>
                        <Service>
                            <PaxRefID>PAX1</PaxRefID>
                            <PaxRefID>PAX2</PaxRefID>
                            <ServiceAssociations>
                                <PaxJourneyRefID>PJ1</PaxJourneyRefID>
                            </ServiceAssociations>
                            <ServiceID>SV1</ServiceID>
                        </Service>
                    </OfferItem>
                    <OwnerCode>PC</OwnerCode>
                    <TotalPrice>
                        <BaseAmount CurCode="EUR">42.0</BaseAmount>
                        <TaxSummary>
                            <TotalTaxAmount CurCode="EUR">6.0</TotalTaxAmount>
                        </TaxSummary>
                        <TotalAmount CurCode="EUR">48.0</TotalAmount>
                    </TotalPrice>
                </Offer>
                <Offer>
                    <BaggageAllowance>
                        <BaggageAllowanceRefID>BA1</BaggageAllowanceRefID>
                        <BaggageFlightAssociations>
                            <PaxSegmentRefID>SEG2</PaxSegmentRefID>
                        </BaggageFlightAssociations>
                        <PaxRefID>PAX1</PaxRefID>
                        <PaxRefID>PAX2</PaxRefID>
                    </BaggageAllowance>
                    <JourneyOverview>
                        <JourneyPriceClass>
                            <PaxJourneyRefID>PJ2</PaxJourneyRefID>
                            <PriceClassRefID>PC1</PriceClassRefID>
                        </JourneyPriceClass>
                    </JourneyOverview>
                    <OfferID>eedef893-2755-444d-8306-64508ebc0cf6</OfferID>
                    <OfferItem>
                        <FareDetail>
                            <FareComponent>
                                <CabinType>
                                    <CabinTypeCode>R</CabinTypeCode>
                                    <CabinTypeName>ECONOMY</CabinTypeName>
                                </CabinType>
                                <FareBasisCode>ROWKLTR</FareBasisCode>
                                <PaxSegmentRefID>SEG2</PaxSegmentRefID>
                                <PriceClassRefID>PC1</PriceClassRefID>
                            </FareComponent>
                            <FarePriceType>
                                <Price>
                                    <BaseAmount CurCode="EUR">21.0</BaseAmount>
                                    <TaxSummary>
                                        <TotalTaxAmount CurCode="EUR">3.0</TotalTaxAmount>
                                    </TaxSummary>
                                    <TotalAmount CurCode="EUR">24.0</TotalAmount>
                                </Price>
                            </FarePriceType>
                            <PaxRefID>PAX1</PaxRefID>
                            <PaxRefID>PAX2</PaxRefID>
                        </FareDetail>
                        <OfferItemID>34e18eb0-4c17-491d-ac67-4d10e1583ab6</OfferItemID>
                        <Price>
                            <BaseAmount CurCode="EUR">42.0</BaseAmount>
                            <TotalAmount CurCode="EUR">48.0</TotalAmount>
                        </Price>
                        <Service>
                            <PaxRefID>PAX1</PaxRefID>
                            <PaxRefID>PAX2</PaxRefID>
                            <ServiceAssociations>
                                <PaxJourneyRefID>PJ2</PaxJourneyRefID>
                            </ServiceAssociations>
                            <ServiceID>SV2</ServiceID>
                        </Service>
                    </OfferItem>
                    <OwnerCode>PC</OwnerCode>
                    <TotalPrice>
                        <BaseAmount CurCode="EUR">42.0</BaseAmount>
                        <TaxSummary>
                            <TotalTaxAmount CurCode="EUR">6.0</TotalTaxAmount>
                        </TaxSummary>
                        <TotalAmount CurCode="EUR">48.0</TotalAmount>
                    </TotalPrice>
                </Offer>
                <Offer>
                    <BaggageAllowance>
                        <BaggageAllowanceRefID>BA1</BaggageAllowanceRefID>
                        <BaggageFlightAssociations>
                            <PaxSegmentRefID>SEG3</PaxSegmentRefID>
                        </BaggageFlightAssociations>
                        <PaxRefID>PAX1</PaxRefID>
                        <PaxRefID>PAX2</PaxRefID>
                    </BaggageAllowance>
                    <JourneyOverview>
                        <JourneyPriceClass>
                            <PaxJourneyRefID>PJ3</PaxJourneyRefID>
                            <PriceClassRefID>PC1</PriceClassRefID>
                        </JourneyPriceClass>
                    </JourneyOverview>
                    <OfferID>edd88984-9beb-4912-a91c-096efc8ce241</OfferID>
                    <OfferItem>
                        <FareDetail>
                            <FareComponent>
                                <CabinType>
                                    <CabinTypeCode>R</CabinTypeCode>
                                    <CabinTypeName>ECONOMY</CabinTypeName>
                                </CabinType>
                                <FareBasisCode>ROWKLTR</FareBasisCode>
                                <PaxSegmentRefID>SEG3</PaxSegmentRefID>
                                <PriceClassRefID>PC1</PriceClassRefID>
                            </FareComponent>
                            <FarePriceType>
                                <Price>
                                    <BaseAmount CurCode="EUR">21.0</BaseAmount>
                                    <TaxSummary>
                                        <TotalTaxAmount CurCode="EUR">3.0</TotalTaxAmount>
                                    </TaxSummary>
                                    <TotalAmount CurCode="EUR">24.0</TotalAmount>
                                </Price>
                            </FarePriceType>
                            <PaxRefID>PAX1</PaxRefID>
                            <PaxRefID>PAX2</PaxRefID>
                        </FareDetail>
                        <OfferItemID>7709256e-c894-49d0-818b-73b7ac3c3d1a</OfferItemID>
                        <Price>
                            <BaseAmount CurCode="EUR">42.0</BaseAmount>
                            <TotalAmount CurCode="EUR">48.0</TotalAmount>
                        </Price>
                        <Service>
                            <PaxRefID>PAX1</PaxRefID>
                            <PaxRefID>PAX2</PaxRefID>
                            <ServiceAssociations>
                                <PaxJourneyRefID>PJ3</PaxJourneyRefID>
                            </ServiceAssociations>
                            <ServiceID>SV3</ServiceID>
                        </Service>
                    </OfferItem>
                    <OwnerCode>PC</OwnerCode>
                    <TotalPrice>
                        <BaseAmount CurCode="EUR">42.0</BaseAmount>
                        <TaxSummary>
                            <TotalTaxAmount CurCode="EUR">6.0</TotalTaxAmount>
                        </TaxSummary>
                        <TotalAmount CurCode="EUR">48.0</TotalAmount>
                    </TotalPrice>
                </Offer>
                <Offer>
                    <BaggageAllowance>
                        <BaggageAllowanceRefID>BA1</BaggageAllowanceRefID>
                        <BaggageFlightAssociations>
                            <PaxSegmentRefID>SEG4</PaxSegmentRefID>
                        </BaggageFlightAssociations>
                        <PaxRefID>PAX1</PaxRefID>
                        <PaxRefID>PAX2</PaxRefID>
                    </BaggageAllowance>
                    <JourneyOverview>
                        <JourneyPriceClass>
                            <PaxJourneyRefID>PJ4</PaxJourneyRefID>
                            <PriceClassRefID>PC1</PriceClassRefID>
                        </JourneyPriceClass>
                    </JourneyOverview>
                    <OfferID>a0a443bb-16ea-4e03-8e83-a0e687e503a1</OfferID>
                    <OfferItem>
                        <FareDetail>
                            <FareComponent>
                                <CabinType>
                                    <CabinTypeCode>R</CabinTypeCode>
                                    <CabinTypeName>ECONOMY</CabinTypeName>
                                </CabinType>
                                <FareBasisCode>ROWKLTR</FareBasisCode>
                                <PaxSegmentRefID>SEG4</PaxSegmentRefID>
                                <PriceClassRefID>PC1</PriceClassRefID>
                            </FareComponent>
                            <FarePriceType>
                                <Price>
                                    <BaseAmount CurCode="EUR">21.0</BaseAmount>
                                    <TaxSummary>
                                        <TotalTaxAmount CurCode="EUR">3.0</TotalTaxAmount>
                                    </TaxSummary>
                                    <TotalAmount CurCode="EUR">24.0</TotalAmount>
                                </Price>
                            </FarePriceType>
                            <PaxRefID>PAX1</PaxRefID>
                            <PaxRefID>PAX2</PaxRefID>
                        </FareDetail>
                        <OfferItemID>b2743ed4-9e87-4ceb-ac80-aed1ae88fd56</OfferItemID>
                        <Price>
                            <BaseAmount CurCode="EUR">42.0</BaseAmount>
                            <TotalAmount CurCode="EUR">48.0</TotalAmount>
                        </Price>
                        <Service>
                            <PaxRefID>PAX1</PaxRefID>
                            <PaxRefID>PAX2</PaxRefID>
                            <ServiceAssociations>
                                <PaxJourneyRefID>PJ4</PaxJourneyRefID>
                            </ServiceAssociations>
                            <ServiceID>SV4</ServiceID>
                        </Service>
                    </OfferItem>
                    <OwnerCode>PC</OwnerCode>
                    <TotalPrice>
                        <BaseAmount CurCode="EUR">42.0</BaseAmount>
                        <TaxSummary>
                            <TotalTaxAmount CurCode="EUR">6.0</TotalTaxAmount>
                        </TaxSummary>
                        <TotalAmount CurCode="EUR">48.0</TotalAmount>
                    </TotalPrice>
                </Offer>
                <Offer>
                    <BaggageAllowance>
                        <BaggageAllowanceRefID>BA1</BaggageAllowanceRefID>
                        <BaggageFlightAssociations>
                            <PaxSegmentRefID>SEG5</PaxSegmentRefID>
                        </BaggageFlightAssociations>
                        <PaxRefID>PAX1</PaxRefID>
                        <PaxRefID>PAX2</PaxRefID>
                    </BaggageAllowance>
                    <JourneyOverview>
                        <JourneyPriceClass>
                            <PaxJourneyRefID>PJ5</PaxJourneyRefID>
                            <PriceClassRefID>PC1</PriceClassRefID>
                        </JourneyPriceClass>
                    </JourneyOverview>
                    <OfferID>ab0a3725-2e9e-4ae4-9fcf-5ff4dd786eb1</OfferID>
                    <OfferItem>
                        <FareDetail>
                            <FareComponent>
                                <CabinType>
                                    <CabinTypeCode>R</CabinTypeCode>
                                    <CabinTypeName>ECONOMY</CabinTypeName>
                                </CabinType>
                                <FareBasisCode>ROWKLTR</FareBasisCode>
                                <PaxSegmentRefID>SEG5</PaxSegmentRefID>
                                <PriceClassRefID>PC1</PriceClassRefID>
                            </FareComponent>
                            <FarePriceType>
                                <Price>
                                    <BaseAmount CurCode="EUR">21.0</BaseAmount>
                                    <TaxSummary>
                                        <TotalTaxAmount CurCode="EUR">3.0</TotalTaxAmount>
                                    </TaxSummary>
                                    <TotalAmount CurCode="EUR">24.0</TotalAmount>
                                </Price>
                            </FarePriceType>
                            <PaxRefID>PAX1</PaxRefID>
                            <PaxRefID>PAX2</PaxRefID>
                        </FareDetail>
                        <OfferItemID>0754ec29-14dd-421f-a141-b3f45d0d6365</OfferItemID>
                        <Price>
                            <BaseAmount CurCode="EUR">42.0</BaseAmount>
                            <TotalAmount CurCode="EUR">48.0</TotalAmount>
                        </Price>
                        <Service>
                            <PaxRefID>PAX1</PaxRefID>
                            <PaxRefID>PAX2</PaxRefID>
                            <ServiceAssociations>
                                <PaxJourneyRefID>PJ5</PaxJourneyRefID>
                            </ServiceAssociations>
                            <ServiceID>SV5</ServiceID>
                        </Service>
                    </OfferItem>
                    <OwnerCode>PC</OwnerCode>
                    <TotalPrice>
                        <BaseAmount CurCode="EUR">42.0</BaseAmount>
                        <TaxSummary>
                            <TotalTaxAmount CurCode="EUR">6.0</TotalTaxAmount>
                        </TaxSummary>
                        <TotalAmount CurCode="EUR">48.0</TotalAmount>
                    </TotalPrice>
                </Offer>
                <Offer>
                    <BaggageAllowance>
                        <BaggageAllowanceRefID>BA1</BaggageAllowanceRefID>
                        <BaggageFlightAssociations>
                            <PaxSegmentRefID>SEG6</PaxSegmentRefID>
                        </BaggageFlightAssociations>
                        <PaxRefID>PAX1</PaxRefID>
                        <PaxRefID>PAX2</PaxRefID>
                    </BaggageAllowance>
                    <JourneyOverview>
                        <JourneyPriceClass>
                            <PaxJourneyRefID>PJ6</PaxJourneyRefID>
                            <PriceClassRefID>PC1</PriceClassRefID>
                        </JourneyPriceClass>
                    </JourneyOverview>
                    <OfferID>75c6f2fb-69f1-4b37-a22c-e71de9b22a00</OfferID>
                    <OfferItem>
                        <FareDetail>
                            <FareComponent>
                                <CabinType>
                                    <CabinTypeCode>R</CabinTypeCode>
                                    <CabinTypeName>ECONOMY</CabinTypeName>
                                </CabinType>
                                <FareBasisCode>ROWKLTR</FareBasisCode>
                                <PaxSegmentRefID>SEG6</PaxSegmentRefID>
                                <PriceClassRefID>PC1</PriceClassRefID>
                            </FareComponent>
                            <FarePriceType>
                                <Price>
                                    <BaseAmount CurCode="EUR">21.0</BaseAmount>
                                    <TaxSummary>
                                        <TotalTaxAmount CurCode="EUR">3.0</TotalTaxAmount>
                                    </TaxSummary>
                                    <TotalAmount CurCode="EUR">24.0</TotalAmount>
                                </Price>
                            </FarePriceType>
                            <PaxRefID>PAX1</PaxRefID>
                            <PaxRefID>PAX2</PaxRefID>
                        </FareDetail>
                        <OfferItemID>8fb5a37c-5912-4353-b60d-63c35cf601c1</OfferItemID>
                        <Price>
                            <BaseAmount CurCode="EUR">42.0</BaseAmount>
                            <TotalAmount CurCode="EUR">48.0</TotalAmount>
                        </Price>
                        <Service>
                            <PaxRefID>PAX1</PaxRefID>
                            <PaxRefID>PAX2</PaxRefID>
                            <ServiceAssociations>
                                <PaxJourneyRefID>PJ6</PaxJourneyRefID>
                            </ServiceAssociations>
                            <ServiceID>SV6</ServiceID>
                        </Service>
                    </OfferItem>
                    <OwnerCode>PC</OwnerCode>
                    <TotalPrice>
                        <BaseAmount CurCode="EUR">42.0</BaseAmount>
                        <TaxSummary>
                            <TotalTaxAmount CurCode="EUR">6.0</TotalTaxAmount>
                        </TaxSummary>
                        <TotalAmount CurCode="EUR">48.0</TotalAmount>
                    </TotalPrice>
                </Offer>
                <Offer>
                    <BaggageAllowance>
                        <BaggageAllowanceRefID>BA1</BaggageAllowanceRefID>
                        <BaggageFlightAssociations>
                            <PaxSegmentRefID>SEG7</PaxSegmentRefID>
                        </BaggageFlightAssociations>
                        <PaxRefID>PAX1</PaxRefID>
                        <PaxRefID>PAX2</PaxRefID>
                    </BaggageAllowance>
                    <JourneyOverview>
                        <JourneyPriceClass>
                            <PaxJourneyRefID>PJ7</PaxJourneyRefID>
                            <PriceClassRefID>PC1</PriceClassRefID>
                        </JourneyPriceClass>
                    </JourneyOverview>
                    <OfferID>f6c6df39-126d-441a-b7ea-0f581e6a8acd</OfferID>
                    <OfferItem>
                        <FareDetail>
                            <FareComponent>
                                <CabinType>
                                    <CabinTypeCode>R</CabinTypeCode>
                                    <CabinTypeName>ECONOMY</CabinTypeName>
                                </CabinType>
                                <FareBasisCode>ROWKLTR</FareBasisCode>
                                <PaxSegmentRefID>SEG7</PaxSegmentRefID>
                                <PriceClassRefID>PC1</PriceClassRefID>
                            </FareComponent>
                            <FarePriceType>
                                <Price>
                                    <BaseAmount CurCode="EUR">21.0</BaseAmount>
                                    <TaxSummary>
                                        <TotalTaxAmount CurCode="EUR">3.0</TotalTaxAmount>
                                    </TaxSummary>
                                    <TotalAmount CurCode="EUR">24.0</TotalAmount>
                                </Price>
                            </FarePriceType>
                            <PaxRefID>PAX1</PaxRefID>
                            <PaxRefID>PAX2</PaxRefID>
                        </FareDetail>
                        <OfferItemID>2a28dbfc-1d5b-4d24-9ea2-af0a5ca0535d</OfferItemID>
                        <Price>
                            <BaseAmount CurCode="EUR">42.0</BaseAmount>
                            <TotalAmount CurCode="EUR">48.0</TotalAmount>
                        </Price>
                        <Service>
                            <PaxRefID>PAX1</PaxRefID>
                            <PaxRefID>PAX2</PaxRefID>
                            <ServiceAssociations>
                                <PaxJourneyRefID>PJ7</PaxJourneyRefID>
                            </ServiceAssociations>
                            <ServiceID>SV7</ServiceID>
                        </Service>
                    </OfferItem>
                    <OwnerCode>PC</OwnerCode>
                    <TotalPrice>
                        <BaseAmount CurCode="EUR">42.0</BaseAmount>
                        <TaxSummary>
                            <TotalTaxAmount CurCode="EUR">6.0</TotalTaxAmount>
                        </TaxSummary>
                        <TotalAmount CurCode="EUR">48.0</TotalAmount>
                    </TotalPrice>
                </Offer>
                <Offer>
                    <BaggageAllowance>
                        <BaggageAllowanceRefID>BA1</BaggageAllowanceRefID>
                        <BaggageFlightAssociations>
                            <PaxSegmentRefID>SEG8</PaxSegmentRefID>
                        </BaggageFlightAssociations>
                        <PaxRefID>PAX1</PaxRefID>
                        <PaxRefID>PAX2</PaxRefID>
                    </BaggageAllowance>
                    <JourneyOverview>
                        <JourneyPriceClass>
                            <PaxJourneyRefID>PJ8</PaxJourneyRefID>
                            <PriceClassRefID>PC1</PriceClassRefID>
                        </JourneyPriceClass>
                    </JourneyOverview>
                    <OfferID>8203e42a-fbab-4a42-9b69-78adb1d67e86</OfferID>
                    <OfferItem>
                        <FareDetail>
                            <FareComponent>
                                <CabinType>
                                    <CabinTypeCode>D</CabinTypeCode>
                                    <CabinTypeName>ECONOMY</CabinTypeName>
                                </CabinType>
                                <FareBasisCode>DOW/NTRA</FareBasisCode>
                                <PaxSegmentRefID>SEG8</PaxSegmentRefID>
                                <PriceClassRefID>PC1</PriceClassRefID>
                            </FareComponent>
                            <FarePriceType>
                                <Price>
                                    <BaseAmount CurCode="EUR">21.0</BaseAmount>
                                    <TaxSummary>
                                        <TotalTaxAmount CurCode="EUR">1.0</TotalTaxAmount>
                                    </TaxSummary>
                                    <TotalAmount CurCode="EUR">22.0</TotalAmount>
                                </Price>
                            </FarePriceType>
                            <PaxRefID>PAX1</PaxRefID>
                            <PaxRefID>PAX2</PaxRefID>
                        </FareDetail>
                        <OfferItemID>e232a1c6-529e-43f8-863b-b8c7a018995f</OfferItemID>
                        <Price>
                            <BaseAmount CurCode="EUR">42.0</BaseAmount>
                            <TotalAmount CurCode="EUR">44.0</TotalAmount>
                        </Price>
                        <Service>
                            <PaxRefID>PAX1</PaxRefID>
                            <PaxRefID>PAX2</PaxRefID>
                            <ServiceAssociations>
                                <PaxJourneyRefID>PJ8</PaxJourneyRefID>
                            </ServiceAssociations>
                            <ServiceID>SV8</ServiceID>
                        </Service>
                    </OfferItem>
                    <OwnerCode>PC</OwnerCode>
                    <TotalPrice>
                        <BaseAmount CurCode="EUR">42.0</BaseAmount>
                        <TaxSummary>
                            <TotalTaxAmount CurCode="EUR">2.0</TotalTaxAmount>
                        </TaxSummary>
                        <TotalAmount CurCode="EUR">44.0</TotalAmount>
                    </TotalPrice>
                </Offer>
                <Offer>
                    <BaggageAllowance>
                        <BaggageAllowanceRefID>BA1</BaggageAllowanceRefID>
                        <BaggageFlightAssociations>
                            <PaxSegmentRefID>SEG9</PaxSegmentRefID>
                        </BaggageFlightAssociations>
                        <PaxRefID>PAX1</PaxRefID>
                        <PaxRefID>PAX2</PaxRefID>
                    </BaggageAllowance>
                    <JourneyOverview>
                        <JourneyPriceClass>
                            <PaxJourneyRefID>PJ9</PaxJourneyRefID>
                            <PriceClassRefID>PC1</PriceClassRefID>
                        </JourneyPriceClass>
                    </JourneyOverview>
                    <OfferID>8feb63a6-4072-4c77-9023-d84bdfeda6e6</OfferID>
                    <OfferItem>
                        <FareDetail>
                            <FareComponent>
                                <CabinType>
                                    <CabinTypeCode>D</CabinTypeCode>
                                    <CabinTypeName>ECONOMY</CabinTypeName>
                                </CabinType>
                                <FareBasisCode>DOW/NTRA</FareBasisCode>
                                <PaxSegmentRefID>SEG9</PaxSegmentRefID>
                                <PriceClassRefID>PC1</PriceClassRefID>
                            </FareComponent>
                            <FarePriceType>
                                <Price>
                                    <BaseAmount CurCode="EUR">21.0</BaseAmount>
                                    <TaxSummary>
                                        <TotalTaxAmount CurCode="EUR">1.0</TotalTaxAmount>
                                    </TaxSummary>
                                    <TotalAmount CurCode="EUR">22.0</TotalAmount>
                                </Price>
                            </FarePriceType>
                            <PaxRefID>PAX1</PaxRefID>
                            <PaxRefID>PAX2</PaxRefID>
                        </FareDetail>
                        <OfferItemID>d7c9e00e-aa95-4dfb-bee5-fb75087a0cbe</OfferItemID>
                        <Price>
                            <BaseAmount CurCode="EUR">42.0</BaseAmount>
                            <TotalAmount CurCode="EUR">44.0</TotalAmount>
                        </Price>
                        <Service>
                            <PaxRefID>PAX1</PaxRefID>
                            <PaxRefID>PAX2</PaxRefID>
                            <ServiceAssociations>
                                <PaxJourneyRefID>PJ9</PaxJourneyRefID>
                            </ServiceAssociations>
                            <ServiceID>SV9</ServiceID>
                        </Service>
                    </OfferItem>
                    <OwnerCode>PC</OwnerCode>
                    <TotalPrice>
                        <BaseAmount CurCode="EUR">42.0</BaseAmount>
                        <TaxSummary>
                            <TotalTaxAmount CurCode="EUR">2.0</TotalTaxAmount>
                        </TaxSummary>
                        <TotalAmount CurCode="EUR">44.0</TotalAmount>
                    </TotalPrice>
                </Offer>
                <Offer>
                    <BaggageAllowance>
                        <BaggageAllowanceRefID>BA1</BaggageAllowanceRefID>
                        <BaggageFlightAssociations>
                            <PaxSegmentRefID>SEG10</PaxSegmentRefID>
                        </BaggageFlightAssociations>
                        <PaxRefID>PAX1</PaxRefID>
                        <PaxRefID>PAX2</PaxRefID>
                    </BaggageAllowance>
                    <JourneyOverview>
                        <JourneyPriceClass>
                            <PaxJourneyRefID>PJ10</PaxJourneyRefID>
                            <PriceClassRefID>PC1</PriceClassRefID>
                        </JourneyPriceClass>
                    </JourneyOverview>
                    <OfferID>de99749d-bd46-4d4f-918e-21f76c6f98e2</OfferID>
                    <OfferItem>
                        <FareDetail>
                            <FareComponent>
                                <CabinType>
                                    <CabinTypeCode>D</CabinTypeCode>
                                    <CabinTypeName>ECONOMY</CabinTypeName>
                                </CabinType>
                                <FareBasisCode>DOW/NTRA</FareBasisCode>
                                <PaxSegmentRefID>SEG10</PaxSegmentRefID>
                                <PriceClassRefID>PC1</PriceClassRefID>
                            </FareComponent>
                            <FarePriceType>
                                <Price>
                                    <BaseAmount CurCode="EUR">21.0</BaseAmount>
                                    <TaxSummary>
                                        <TotalTaxAmount CurCode="EUR">1.0</TotalTaxAmount>
                                    </TaxSummary>
                                    <TotalAmount CurCode="EUR">22.0</TotalAmount>
                                </Price>
                            </FarePriceType>
                            <PaxRefID>PAX1</PaxRefID>
                            <PaxRefID>PAX2</PaxRefID>
                        </FareDetail>
                        <OfferItemID>99fca37d-4fd6-4672-81fd-8421d54f0395</OfferItemID>
                        <Price>
                            <BaseAmount CurCode="EUR">42.0</BaseAmount>
                            <TotalAmount CurCode="EUR">44.0</TotalAmount>
                        </Price>
                        <Service>
                            <PaxRefID>PAX1</PaxRefID>
                            <PaxRefID>PAX2</PaxRefID>
                            <ServiceAssociations>
                                <PaxJourneyRefID>PJ10</PaxJourneyRefID>
                            </ServiceAssociations>
                            <ServiceID>SV10</ServiceID>
                        </Service>
                    </OfferItem>
                    <OwnerCode>PC</OwnerCode>
                    <TotalPrice>
                        <BaseAmount CurCode="EUR">42.0</BaseAmount>
                        <TaxSummary>
                            <TotalTaxAmount CurCode="EUR">2.0</TotalTaxAmount>
                        </TaxSummary>
                        <TotalAmount CurCode="EUR">44.0</TotalAmount>
                    </TotalPrice>
                </Offer>
                <Offer>
                    <BaggageAllowance>
                        <BaggageAllowanceRefID>BA1</BaggageAllowanceRefID>
                        <BaggageFlightAssociations>
                            <PaxSegmentRefID>SEG11</PaxSegmentRefID>
                        </BaggageFlightAssociations>
                        <PaxRefID>PAX1</PaxRefID>
                        <PaxRefID>PAX2</PaxRefID>
                    </BaggageAllowance>
                    <JourneyOverview>
                        <JourneyPriceClass>
                            <PaxJourneyRefID>PJ11</PaxJourneyRefID>
                            <PriceClassRefID>PC1</PriceClassRefID>
                        </JourneyPriceClass>
                    </JourneyOverview>
                    <OfferID>5dfac5fb-a4e9-4710-a21c-b0e72e02ea14</OfferID>
                    <OfferItem>
                        <FareDetail>
                            <FareComponent>
                                <CabinType>
                                    <CabinTypeCode>D</CabinTypeCode>
                                    <CabinTypeName>ECONOMY</CabinTypeName>
                                </CabinType>
                                <FareBasisCode>DOW/NTRA</FareBasisCode>
                                <PaxSegmentRefID>SEG11</PaxSegmentRefID>
                                <PriceClassRefID>PC1</PriceClassRefID>
                            </FareComponent>
                            <FarePriceType>
                                <Price>
                                    <BaseAmount CurCode="EUR">21.0</BaseAmount>
                                    <TaxSummary>
                                        <TotalTaxAmount CurCode="EUR">1.0</TotalTaxAmount>
                                    </TaxSummary>
                                    <TotalAmount CurCode="EUR">22.0</TotalAmount>
                                </Price>
                            </FarePriceType>
                            <PaxRefID>PAX1</PaxRefID>
                            <PaxRefID>PAX2</PaxRefID>
                        </FareDetail>
                        <OfferItemID>af0db36f-4bf8-4322-9912-251e82f0046e</OfferItemID>
                        <Price>
                            <BaseAmount CurCode="EUR">42.0</BaseAmount>
                            <TotalAmount CurCode="EUR">44.0</TotalAmount>
                        </Price>
                        <Service>
                            <PaxRefID>PAX1</PaxRefID>
                            <PaxRefID>PAX2</PaxRefID>
                            <ServiceAssociations>
                                <PaxJourneyRefID>PJ11</PaxJourneyRefID>
                            </ServiceAssociations>
                            <ServiceID>SV11</ServiceID>
                        </Service>
                    </OfferItem>
                    <OwnerCode>PC</OwnerCode>
                    <TotalPrice>
                        <BaseAmount CurCode="EUR">42.0</BaseAmount>
                        <TaxSummary>
                            <TotalTaxAmount CurCode="EUR">2.0</TotalTaxAmount>
                        </TaxSummary>
                        <TotalAmount CurCode="EUR">44.0</TotalAmount>
                    </TotalPrice>
                </Offer>
                <Offer>
                    <BaggageAllowance>
                        <BaggageAllowanceRefID>BA1</BaggageAllowanceRefID>
                        <BaggageFlightAssociations>
                            <PaxSegmentRefID>SEG12</PaxSegmentRefID>
                        </BaggageFlightAssociations>
                        <PaxRefID>PAX1</PaxRefID>
                        <PaxRefID>PAX2</PaxRefID>
                    </BaggageAllowance>
                    <JourneyOverview>
                        <JourneyPriceClass>
                            <PaxJourneyRefID>PJ12</PaxJourneyRefID>
                            <PriceClassRefID>PC1</PriceClassRefID>
                        </JourneyPriceClass>
                    </JourneyOverview>
                    <OfferID>0c301349-93a5-4521-a618-d074c75f2420</OfferID>
                    <OfferItem>
                        <FareDetail>
                            <FareComponent>
                                <CabinType>
                                    <CabinTypeCode>D</CabinTypeCode>
                                    <CabinTypeName>ECONOMY</CabinTypeName>
                                </CabinType>
                                <FareBasisCode>DOW/NTRA</FareBasisCode>
                                <PaxSegmentRefID>SEG12</PaxSegmentRefID>
                                <PriceClassRefID>PC1</PriceClassRefID>
                            </FareComponent>
                            <FarePriceType>
                                <Price>
                                    <BaseAmount CurCode="EUR">21.0</BaseAmount>
                                    <TaxSummary>
                                        <TotalTaxAmount CurCode="EUR">1.0</TotalTaxAmount>
                                    </TaxSummary>
                                    <TotalAmount CurCode="EUR">22.0</TotalAmount>
                                </Price>
                            </FarePriceType>
                            <PaxRefID>PAX1</PaxRefID>
                            <PaxRefID>PAX2</PaxRefID>
                        </FareDetail>
                        <OfferItemID>85785f18-a3a1-43c6-8753-621acf971d48</OfferItemID>
                        <Price>
                            <BaseAmount CurCode="EUR">42.0</BaseAmount>
                            <TotalAmount CurCode="EUR">44.0</TotalAmount>
                        </Price>
                        <Service>
                            <PaxRefID>PAX1</PaxRefID>
                            <PaxRefID>PAX2</PaxRefID>
                            <ServiceAssociations>
                                <PaxJourneyRefID>PJ12</PaxJourneyRefID>
                            </ServiceAssociations>
                            <ServiceID>SV12</ServiceID>
                        </Service>
                    </OfferItem>
                    <OwnerCode>PC</OwnerCode>
                    <TotalPrice>
                        <BaseAmount CurCode="EUR">42.0</BaseAmount>
                        <TaxSummary>
                            <TotalTaxAmount CurCode="EUR">2.0</TotalTaxAmount>
                        </TaxSummary>
                        <TotalAmount CurCode="EUR">44.0</TotalAmount>
                    </TotalPrice>
                </Offer>
                <Offer>
                    <BaggageAllowance>
                        <BaggageAllowanceRefID>BA1</BaggageAllowanceRefID>
                        <BaggageFlightAssociations>
                            <PaxSegmentRefID>SEG13</PaxSegmentRefID>
                        </BaggageFlightAssociations>
                        <PaxRefID>PAX1</PaxRefID>
                        <PaxRefID>PAX2</PaxRefID>
                    </BaggageAllowance>
                    <JourneyOverview>
                        <JourneyPriceClass>
                            <PaxJourneyRefID>PJ13</PaxJourneyRefID>
                            <PriceClassRefID>PC1</PriceClassRefID>
                        </JourneyPriceClass>
                    </JourneyOverview>
                    <OfferID>c5f3730e-5c0a-4806-bfd5-4687773fdf3a</OfferID>
                    <OfferItem>
                        <FareDetail>
                            <FareComponent>
                                <CabinType>
                                    <CabinTypeCode>D</CabinTypeCode>
                                    <CabinTypeName>ECONOMY</CabinTypeName>
                                </CabinType>
                                <FareBasisCode>DOW/NTRA</FareBasisCode>
                                <PaxSegmentRefID>SEG13</PaxSegmentRefID>
                                <PriceClassRefID>PC1</PriceClassRefID>
                            </FareComponent>
                            <FarePriceType>
                                <Price>
                                    <BaseAmount CurCode="EUR">21.0</BaseAmount>
                                    <TaxSummary>
                                        <TotalTaxAmount CurCode="EUR">1.0</TotalTaxAmount>
                                    </TaxSummary>
                                    <TotalAmount CurCode="EUR">22.0</TotalAmount>
                                </Price>
                            </FarePriceType>
                            <PaxRefID>PAX1</PaxRefID>
                            <PaxRefID>PAX2</PaxRefID>
                        </FareDetail>
                        <OfferItemID>548530e2-8e97-407a-b070-09e376bc9b78</OfferItemID>
                        <Price>
                            <BaseAmount CurCode="EUR">42.0</BaseAmount>
                            <TotalAmount CurCode="EUR">44.0</TotalAmount>
                        </Price>
                        <Service>
                            <PaxRefID>PAX1</PaxRefID>
                            <PaxRefID>PAX2</PaxRefID>
                            <ServiceAssociations>
                                <PaxJourneyRefID>PJ13</PaxJourneyRefID>
                            </ServiceAssociations>
                            <ServiceID>SV13</ServiceID>
                        </Service>
                    </OfferItem>
                    <OwnerCode>PC</OwnerCode>
                    <TotalPrice>
                        <BaseAmount CurCode="EUR">42.0</BaseAmount>
                        <TaxSummary>
                            <TotalTaxAmount CurCode="EUR">2.0</TotalTaxAmount>
                        </TaxSummary>
                        <TotalAmount CurCode="EUR">44.0</TotalAmount>
                    </TotalPrice>
                </Offer>
                <Offer>
                    <BaggageAllowance>
                        <BaggageAllowanceRefID>BA1</BaggageAllowanceRefID>
                        <BaggageFlightAssociations>
                            <PaxSegmentRefID>SEG14</PaxSegmentRefID>
                        </BaggageFlightAssociations>
                        <PaxRefID>PAX1</PaxRefID>
                        <PaxRefID>PAX2</PaxRefID>
                    </BaggageAllowance>
                    <JourneyOverview>
                        <JourneyPriceClass>
                            <PaxJourneyRefID>PJ14</PaxJourneyRefID>
                            <PriceClassRefID>PC1</PriceClassRefID>
                        </JourneyPriceClass>
                    </JourneyOverview>
                    <OfferID>0471c8e3-1593-40a9-8d54-d3a9059de19e</OfferID>
                    <OfferItem>
                        <FareDetail>
                            <FareComponent>
                                <CabinType>
                                    <CabinTypeCode>D</CabinTypeCode>
                                    <CabinTypeName>ECONOMY</CabinTypeName>
                                </CabinType>
                                <FareBasisCode>DOW/NTRA</FareBasisCode>
                                <PaxSegmentRefID>SEG14</PaxSegmentRefID>
                                <PriceClassRefID>PC1</PriceClassRefID>
                            </FareComponent>
                            <FarePriceType>
                                <Price>
                                    <BaseAmount CurCode="EUR">21.0</BaseAmount>
                                    <TaxSummary>
                                        <TotalTaxAmount CurCode="EUR">1.0</TotalTaxAmount>
                                    </TaxSummary>
                                    <TotalAmount CurCode="EUR">22.0</TotalAmount>
                                </Price>
                            </FarePriceType>
                            <PaxRefID>PAX1</PaxRefID>
                            <PaxRefID>PAX2</PaxRefID>
                        </FareDetail>
                        <OfferItemID>8c567488-3697-4293-b36a-a028f1a6b688</OfferItemID>
                        <Price>
                            <BaseAmount CurCode="EUR">42.0</BaseAmount>
                            <TotalAmount CurCode="EUR">44.0</TotalAmount>
                        </Price>
                        <Service>
                            <PaxRefID>PAX1</PaxRefID>
                            <PaxRefID>PAX2</PaxRefID>
                            <ServiceAssociations>
                                <PaxJourneyRefID>PJ14</PaxJourneyRefID>
                            </ServiceAssociations>
                            <ServiceID>SV14</ServiceID>
                        </Service>
                    </OfferItem>
                    <OwnerCode>PC</OwnerCode>
                    <TotalPrice>
                        <BaseAmount CurCode="EUR">42.0</BaseAmount>
                        <TaxSummary>
                            <TotalTaxAmount CurCode="EUR">2.0</TotalTaxAmount>
                        </TaxSummary>
                        <TotalAmount CurCode="EUR">44.0</TotalAmount>
                    </TotalPrice>
                </Offer>
            </CarrierOffers>
        </OffersGroup>
        <ShoppingResponse>
            <ShoppingResponseRefID>18848792-3c79-4e58-882e-f53523817470</ShoppingResponseRefID>
        </ShoppingResponse>
    </Response>
    <PayloadAttributes>
        <CorrelationID>8cdc4aef-6d24-4672-b6f0-8c454d135270</CorrelationID>
        <Timestamp>2020-09-30T17:47:18.947</Timestamp>
        <VersionNumber>19.2</VersionNumber>
    </PayloadAttributes>
</IATA_AirShoppingRS>
