<?xml version="1.0" encoding="UTF-8" standalone="yes"?>
<IATA_ServiceListRQ xmlns="http://www.iata.org/IATA/2015/00/2019.2/IATA_ServiceListRQ">
    <PayloadAttributes>
        <CorrelationID>a222c960-0d2c-4507-bd2c-59362825cc76</CorrelationID>
        <VersionNumber>19.2</VersionNumber>
    </PayloadAttributes>
    <Request>
        <CoreRequest>
            <Offer>
                <OfferID>23bedc85-dd6a-482b-ac29-2f0c608ed478</OfferID>
                <OfferItem>
                    <OfferItemID>e99b73dc-16a1-4b9b-a8bc-f26b6299f5bb</OfferItemID>
                </OfferItem>
                <OwnerCode>AF</OwnerCode>
            </Offer>
        </CoreRequest>
        <Pax>
            <PaxID>PAX1</PaxID>
            <PTC>ADT</PTC>
        </Pax>
        <Pax>
            <PaxID>PAX2</PaxID>
            <PTC>ADT</PTC>
        </Pax>
        <ShoppingResponse>
            <ShoppingResponseRefID>2d62d243-8837-4e4d-a91c-45550a2fd6fa</ShoppingResponseRefID>
        </ShoppingResponse>
    </Request>
</IATA_ServiceListRQ>
