<?xml version="1.0" encoding="UTF-8" standalone="yes"?>
<IATA_OrderCreateRQ xmlns="http://www.iata.org/IATA/2015/00/2019.2/IATA_OrderCreateRQ">
    <PayloadAttributes>
        <CorrelationID>a222c960-0d2c-4507-bd2c-59362825cc76</CorrelationID>
        <VersionNumber>19.2</VersionNumber>
    </PayloadAttributes>
    <Request>
        <CreateOrder>
            <SelectedOffer>
                <OfferRefID>601a1ef9-4ac3-471f-98a4-b635e2991d1f</OfferRefID>
                <OwnerCode>AF</OwnerCode>
                <SelectedOfferItem>
                    <OfferItemRefID>8e092c73-ce79-40b5-ba63-9046b0f001f5</OfferItemRefID>
                </SelectedOfferItem>
                <SelectedOfferItem>
                    <OfferItemRefID>3f4f71eb-c800-4dae-adca-4f61f51a7de2</OfferItemRefID>
                </SelectedOfferItem>
                <SelectedOfferItem>
                    <OfferItemRefID>d59bb99f-d764-457e-9946-08ead0428113</OfferItemRefID>
                </SelectedOfferItem>
                <ShoppingResponseRefID>2d62d243-8837-4e4d-a91c-45550a2fd6fa</ShoppingResponseRefID>
            </SelectedOffer>
        </CreateOrder>
        <DataLists>
            <ContactInfoList>
                <ContactInfo>
                    <ContactInfoID>CONT1</ContactInfoID>
                    <EmailAddress>
                        <EmailAddressText>florian.garnier@orchestra.eu</EmailAddressText>
                    </EmailAddress>
                    <Phone>
                        <PhoneNumber>330677203692</PhoneNumber>
                    </Phone>
                    <PostalAddress>
                        <CityName>Paris</CityName>
                        <CountryCode>FR</CountryCode>
                        <PostalCode>75002</PostalCode>
                        <StreetText>38 av opera</StreetText>
                    </PostalAddress>
                </ContactInfo>
            </ContactInfoList>
            <PaxList>
                <Pax>
                    <Birthdate>1986-05-02</Birthdate>
                    <ContactInfoRefID>CONT1</ContactInfoRefID>
                    <Individual>
                        <GenderCode>M</GenderCode>
                        <GivenName>Florian</GivenName>
                        <IndividualID>IND1</IndividualID>
                        <Surname>Garnier</Surname>
                        <TitleName>MR</TitleName>
                    </Individual>
                    <PaxID>PAX1</PaxID>
                    <PTC>ADT</PTC>
                </Pax>
                <Pax>
                    <Birthdate>1983-02-10</Birthdate>
                    <Individual>
                        <GenderCode>F</GenderCode>
                        <GivenName>Floria</GivenName>
                        <IndividualID>IND2</IndividualID>
                        <Surname>Garnier</Surname>
                        <TitleName>MRS</TitleName>
                    </Individual>
                    <PaxID>PAX2</PaxID>
                    <PTC>ADT</PTC>
                </Pax>
            </PaxList>
        </DataLists>
    </Request>
</IATA_OrderCreateRQ>
