<?xml version="1.0" encoding="UTF-8" standalone="yes"?>
<IATA_OrderReshopRQ xmlns="http://www.iata.org/IATA/2015/00/2019.2/IATA_OrderReshopRQ">
    <Party>
        <Sender>
            <TravelAgency>
                <AgencyID>agency1234</AgencyID>
            </TravelAgency>
        </Sender>
    </Party>
    <PayloadAttributes>
        <CorrelationID>c3421ac5-96cd-3aed-b40b-aca63b056173</CorrelationID>
        <PrimaryLangID>FR</PrimaryLangID>
        <VersionNumber>19.2</VersionNumber>
    </PayloadAttributes>
    <Request>
        <OrderRefID>544759</OrderRefID>
        <ReshopParameters>
            <CurParameter>
                <RequestedCurCode>EUR</RequestedCurCode>
            </CurParameter>
            <LangUsage>
                <LangCode>fr</LangCode>
            </LangUsage>
        </ReshopParameters>
        <UpdateOrder>
            <ReshopOrder>
                <ServiceOrder>
                    <DeleteOrderItem>
                        <OrderItemRefID>8c51dabc-00a2-4377-8f9d-5e022c61c4de</OrderItemRefID>
                    </DeleteOrderItem>
                    <DeleteOrderItem>
                        <OrderItemRefID>526094de-889e-4914-92f3-bf19e3f62b14</OrderItemRefID>
                    </DeleteOrderItem>
                    <DeleteOrderItem>
                        <OrderItemRefID>edae5606-df2e-41cc-8d8d-d6959c7078d7</OrderItemRefID>
                    </DeleteOrderItem>
                    <DeleteOrderItem>
                        <OrderItemRefID>fe426dfe-70f2-42be-b9b0-8245a4d203f7</OrderItemRefID>
                    </DeleteOrderItem>
                </ServiceOrder>
            </ReshopOrder>
        </UpdateOrder>
    </Request>
</IATA_OrderReshopRQ>