<?xml version="1.0" encoding="UTF-8" standalone="yes"?>
<IATA_OrderReshopRQ xmlns="http://www.iata.org/IATA/2015/00/2019.2/IATA_OrderReshopRQ">
    <Party>
        <Sender>
            <TravelAgency>
                <AgencyID>agency1234</AgencyID>
            </TravelAgency>
        </Sender>
    </Party>
    <PayloadAttributes>
        <CorrelationID>c3421ac5-96cd-3aed-b40b-aca63b056173</CorrelationID>
        <VersionNumber>19.2</VersionNumber>
    </PayloadAttributes>
    <Request>
        <OrderRefID>544759</OrderRefID>
        <UpdateOrder>
            <ReshopOrder>
                <ServiceOrder>
                    <DeleteOrderItem>
                        <OrderItemRefID>544759</OrderItemRefID>
                    </DeleteOrderItem>
                </ServiceOrder>
            </ReshopOrder>
        </UpdateOrder>
    </Request>
</IATA_OrderReshopRQ>