<?xml version="1.0" encoding="UTF-8" standalone="yes"?>
<IATA_OrderReshopRS xmlns="http://www.iata.org/IATA/2015/00/2019.2/IATA_OrderReshopRS">
    <Response>
        <DataLists>
            <PenaltyList>
                <Penalty>
                    <CancelFeeInd>true</CancelFeeInd>
                    <PenaltyID>PNL1</PenaltyID>
                    <Price>
                        <TotalAmount>0</TotalAmount>
                    </Price>
                    <TypeCode>Cancellation</TypeCode>
                </Penalty>
            </PenaltyList>
        </DataLists>
        <ReshopResults>
            <ReshopOffers>
                <Offer>
                    <OfferID>5185fe97-0eaa-42fc-96f8-00dfcf7331f0</OfferID>
                    <PenaltyRefID>PNL1</PenaltyRefID>
                </Offer>
            </ReshopOffers>
        </ReshopResults>
    </Response>
    <PayloadAttributes>
        <CorrelationID>c3421ac5-96cd-3aed-b40b-aca63b056173</CorrelationID>
        <Timestamp>2021-02-04T10:27:23.022+01:00</Timestamp>
        <VersionNumber>19.2</VersionNumber>
    </PayloadAttributes>
</IATA_OrderReshopRS>