<?xml version="1.0" encoding="UTF-8" standalone="yes"?>
<IATA_OrderCancelRS xmlns="http://www.iata.org/IATA/2015/00/2019.2/IATA_OrderCancelRS">
    <Response>
        <ChangeFees>
            <CancelFeeInd>true</CancelFeeInd>
            <PenaltyID>PNL1</PenaltyID>
            <Price>
                <TotalAmount>0</TotalAmount>
            </Price>
            <TypeCode>Cancellation</TypeCode>
        </ChangeFees>
        <OrderRefID>544759</OrderRefID>
    </Response>
    <PayloadAttributes>
        <CorrelationID>c3421ac5-96cd-3aed-b40b-aca63b056173</CorrelationID>
        <Timestamp>2021-02-04T10:28:03.006+01:00</Timestamp>
        <VersionNumber>19.2</VersionNumber>
    </PayloadAttributes>
</IATA_OrderCancelRS>