<?xml version="1.0" encoding="UTF-8" standalone="yes"?>
<IATA_OfferPriceRQ xmlns="http://www.iata.org/IATA/2015/00/2019.2/IATA_OfferPriceRQ">
    <PayloadAttributes>
        <CorrelationID>a222c960-0d2c-4507-bd2c-59362825cc76</CorrelationID>
        <VersionNumber>19.2</VersionNumber>
    </PayloadAttributes>
    <Request>
        <DataLists>
            <PaxList>
                <Pax>
                    <PaxID>PAX1</PaxID>
                    <PTC>ADT</PTC>
                </Pax>
                <Pax>
                    <PaxID>PAX2</PaxID>
                    <PTC>ADT</PTC>
                </Pax>
            </PaxList>
        </DataLists>
        <PricedOffer>
            <SelectedOffer>
                <OfferRefID>23bedc85-dd6a-482b-ac29-2f0c608ed478</OfferRefID>
                <OwnerCode>AF</OwnerCode>
                <SelectedOfferItem>
                    <OfferItemRefID>e99b73dc-16a1-4b9b-a8bc-f26b6299f5bb</OfferItemRefID>
                </SelectedOfferItem>
                <ShoppingResponseRefID>2d62d243-8837-4e4d-a91c-45550a2fd6fa</ShoppingResponseRefID>
            </SelectedOffer>
            <SelectedOffer>
                <OfferRefID>2076a058-e502-44ab-94b1-80b3e1ef8bcd</OfferRefID>
                <OwnerCode>AF</OwnerCode>
                <SelectedOfferItem>
                    <OfferItemRefID>353e5fce-965f-4fc5-ad68-c4b430b87ad4</OfferItemRefID>
                </SelectedOfferItem>
                <SelectedOfferItem>
                    <OfferItemRefID>463d2c99-fe21-40b4-9cf4-feb29da73f4b</OfferItemRefID>
                </SelectedOfferItem>
                <ShoppingResponseRefID>2d62d243-8837-4e4d-a91c-45550a2fd6fa</ShoppingResponseRefID>
            </SelectedOffer>
        </PricedOffer>
    </Request>
</IATA_OfferPriceRQ>
