<?xml version="1.0" encoding="UTF-8" standalone="yes"?>
<IATA_OfferPriceRS xmlns="http://www.iata.org/IATA/2015/00/2019.2/IATA_OfferPriceRS">
    <Response>
        <DataLists>
            <BaggageAllowanceList>
                <BaggageAllowance>
                    <BaggageAllowanceID>BA1</BaggageAllowanceID>
                    <PieceAllowance>
                        <ApplicablePartyText>Traveler</ApplicablePartyText>
                        <TotalQty>0</TotalQty>
                    </PieceAllowance>
                    <TypeCode>Checked</TypeCode>
                </BaggageAllowance>
            </BaggageAllowanceList>
            <OriginDestList>
                <OriginDest>
                    <DestCode>JNB</DestCode>
                    <OriginCode>CDG</OriginCode>
                    <OriginDestID>OD1</OriginDestID>
                    <PaxJourneyRefID>PJ5</PaxJourneyRefID>
                </OriginDest>
                <OriginDest>
                    <DestCode>CDG</DestCode>
                    <OriginCode>JNB</OriginCode>
                    <OriginDestID>OD2</OriginDestID>
                    <PaxJourneyRefID>PJ2</PaxJourneyRefID>
                </OriginDest>
            </OriginDestList>
            <PaxJourneyList>
                <PaxJourney>
                    <Duration>P0Y0M0DT14H10M0S</Duration>
                    <PaxJourneyID>PJ5</PaxJourneyID>
                    <PaxSegmentRefID>SEG5</PaxSegmentRefID>
                    <PaxSegmentRefID>SEG4</PaxSegmentRefID>
                </PaxJourney>
                <PaxJourney>
                    <Duration>P0Y0M0DT10H45M0S</Duration>
                    <PaxJourneyID>PJ2</PaxJourneyID>
                    <PaxSegmentRefID>SEG3</PaxSegmentRefID>
                </PaxJourney>
            </PaxJourneyList>
            <PaxList>
                <Pax>
                    <PaxID>PAX1</PaxID>
                    <PTC>ADT</PTC>
                </Pax>
                <Pax>
                    <PaxID>PAX2</PaxID>
                    <PTC>ADT</PTC>
                </Pax>
            </PaxList>
            <PaxSegmentList>
                <PaxSegment>
                    <Arrival>
                        <AircraftScheduledDateTime>2020-10-12T08:35:00</AircraftScheduledDateTime>
                        <IATA_LocationCode>AMS</IATA_LocationCode>
                    </Arrival>
                    <DatedOperatingLeg>
                        <Arrival/>
                        <CarrierAircraftType>
                            <CarrierAircraftTypeCode>321</CarrierAircraftTypeCode>
                        </CarrierAircraftType>
                        <Dep/>
                    </DatedOperatingLeg>
                    <Dep>
                        <AircraftScheduledDateTime>2020-10-12T07:10:00</AircraftScheduledDateTime>
                        <IATA_LocationCode>CDG</IATA_LocationCode>
                        <TerminalName>2F</TerminalName>
                    </Dep>
                    <MarketingCarrierInfo>
                        <CarrierDesigCode>KL</CarrierDesigCode>
                        <MarketingCarrierFlightNumberText>2002</MarketingCarrierFlightNumberText>
                    </MarketingCarrierInfo>
                    <OperatingCarrierInfo>
                        <CarrierDesigCode>AF</CarrierDesigCode>
                    </OperatingCarrierInfo>
                    <PaxSegmentID>SEG5</PaxSegmentID>
                </PaxSegment>
                <PaxSegment>
                    <Arrival>
                        <AircraftScheduledDateTime>2020-10-12T21:20:00</AircraftScheduledDateTime>
                        <IATA_LocationCode>JNB</IATA_LocationCode>
                        <TerminalName>B</TerminalName>
                    </Arrival>
                    <DatedOperatingLeg>
                        <Arrival/>
                        <CarrierAircraftType>
                            <CarrierAircraftTypeCode>772</CarrierAircraftTypeCode>
                        </CarrierAircraftType>
                        <Dep/>
                    </DatedOperatingLeg>
                    <Dep>
                        <AircraftScheduledDateTime>2020-10-12T10:35:00</AircraftScheduledDateTime>
                        <IATA_LocationCode>AMS</IATA_LocationCode>
                    </Dep>
                    <MarketingCarrierInfo>
                        <CarrierDesigCode>KL</CarrierDesigCode>
                        <MarketingCarrierFlightNumberText>0112</MarketingCarrierFlightNumberText>
                    </MarketingCarrierInfo>
                    <OperatingCarrierInfo>
                        <CarrierDesigCode>KL</CarrierDesigCode>
                    </OperatingCarrierInfo>
                    <PaxSegmentID>SEG4</PaxSegmentID>
                </PaxSegment>
                <PaxSegment>
                    <Arrival>
                        <AircraftScheduledDateTime>2020-10-23T19:40:00</AircraftScheduledDateTime>
                        <IATA_LocationCode>CDG</IATA_LocationCode>
                        <TerminalName>2E</TerminalName>
                    </Arrival>
                    <DatedOperatingLeg>
                        <Arrival/>
                        <CarrierAircraftType>
                            <CarrierAircraftTypeCode>77W</CarrierAircraftTypeCode>
                        </CarrierAircraftType>
                        <Dep/>
                    </DatedOperatingLeg>
                    <Dep>
                        <AircraftScheduledDateTime>2020-10-23T08:55:00</AircraftScheduledDateTime>
                        <IATA_LocationCode>JNB</IATA_LocationCode>
                        <TerminalName>B</TerminalName>
                    </Dep>
                    <MarketingCarrierInfo>
                        <CarrierDesigCode>AF</CarrierDesigCode>
                        <MarketingCarrierFlightNumberText>0995</MarketingCarrierFlightNumberText>
                    </MarketingCarrierInfo>
                    <OperatingCarrierInfo>
                        <CarrierDesigCode>AF</CarrierDesigCode>
                    </OperatingCarrierInfo>
                    <PaxSegmentID>SEG3</PaxSegmentID>
                </PaxSegment>
            </PaxSegmentList>
            <PriceClassList>
                <PriceClass>
                    <CabinType>
                        <CabinTypeName>ECONOMY</CabinTypeName>
                    </CabinType>
                    <Desc>
                        <DescText>1 hand baggage item and 1 accessory only (12 kg total*)</DescText>
                    </Desc>
                    <Desc>
                        <DescText>Cancellation is not possible</DescText>
                    </Desc>
                    <Desc>
                        <DescText>Change fee + fare difference</DescText>
                    </Desc>
                    <Desc>
                        <DescText>No refund if you missed your flight</DescText>
                    </Desc>
                    <Desc>
                        <DescText>* This applies to flights operated by KLM or Air France. For other airlines, please check the airline's website for baggage rules</DescText>
                    </Desc>
                    <Name>Light</Name>
                    <PriceClassID>PC1</PriceClassID>
                </PriceClass>
            </PriceClassList>
            <ServiceDefinitionList>
                <ServiceDefinition>
                    <ServiceTaxonomy>
                        <DescText>Checked Baggage</DescText>
                        <TaxonomyCode>13EC</TaxonomyCode>
                    </ServiceTaxonomy>
                    <Desc>
                        <DescText>1 luggage item</DescText>
                    </Desc>
                    <Name>1 luggage item</Name>
                    <ServiceDefinitionID>SD1</ServiceDefinitionID>
                </ServiceDefinition>
            </ServiceDefinitionList>
        </DataLists>
        <PaymentFunctions>
            <PaymentSupportedMethod>
                <TypeCode>Cash</TypeCode>
            </PaymentSupportedMethod>
        </PaymentFunctions>
        <PricedOffer>
            <BaggageAllowance>
                <BaggageAllowanceRefID>BA1</BaggageAllowanceRefID>
                <BaggageFlightAssociations>
                    <PaxSegmentRefID>SEG5</PaxSegmentRefID>
                    <PaxSegmentRefID>SEG4</PaxSegmentRefID>
                    <PaxSegmentRefID>SEG3</PaxSegmentRefID>
                </BaggageFlightAssociations>
                <PaxRefID>PAX1</PaxRefID>
                <PaxRefID>PAX2</PaxRefID>
            </BaggageAllowance>
            <JourneyOverview>
                <JourneyPriceClass>
                    <PaxJourneyRefID>PJ5</PaxJourneyRefID>
                    <PriceClassRefID>PC1</PriceClassRefID>
                </JourneyPriceClass>
                <JourneyPriceClass>
                    <PaxJourneyRefID>PJ2</PaxJourneyRefID>
                    <PriceClassRefID>PC1</PriceClassRefID>
                </JourneyPriceClass>
            </JourneyOverview>
            <OfferID>601a1ef9-4ac3-471f-98a4-b635e2991d1f</OfferID>
            <OfferItem>
                <FareDetail>
                    <FareComponent>
                        <CabinType>
                            <CabinTypeCode>X</CabinTypeCode>
                            <CabinTypeName>ECONOMY</CabinTypeName>
                        </CabinType>
                        <FareBasisCode>XL5VUIL1</FareBasisCode>
                        <PaxSegmentRefID>SEG3</PaxSegmentRefID>
                        <PaxSegmentRefID>SEG5</PaxSegmentRefID>
                        <PaxSegmentRefID>SEG4</PaxSegmentRefID>
                        <PriceClassRefID>PC1</PriceClassRefID>
                    </FareComponent>
                    <FarePriceType>
                        <Price>
                            <BaseAmount CurCode="EUR">151.00000000000000000000</BaseAmount>
                            <TaxSummary>
                                <Tax>
                                    <Amount CurCode="EUR">200.00000000000000000000</Amount>
                                    <TaxCode>TAX_GROUP_1_PAX_1_2</TaxCode>
                                    <TaxName>Fuel surcharge (YQ/YR) - PAX1,2</TaxName>
                                </Tax>
                                <Tax>
                                    <Amount CurCode="EUR">77.66000000000000000000</Amount>
                                    <TaxCode>GENERAL_TAXES_PAX_1_2</TaxCode>
                                    <TaxName>Taxes - PAX1,2</TaxName>
                                </Tax>
                                <TotalTaxAmount CurCode="EUR">277.66000000000000000000</TotalTaxAmount>
                            </TaxSummary>
                            <TotalAmount CurCode="EUR">428.66000000000000000000</TotalAmount>
                        </Price>
                    </FarePriceType>
                    <PaxRefID>PAX1</PaxRefID>
                    <PaxRefID>PAX2</PaxRefID>
                </FareDetail>
                <OfferItemID>8e092c73-ce79-40b5-ba63-9046b0f001f5</OfferItemID>
                <Price>
                    <BaseAmount CurCode="EUR">302.00000000000000000000</BaseAmount>
                    <TotalAmount CurCode="EUR">857.32000000000000000000</TotalAmount>
                </Price>
                <Service>
                    <PaxRefID>PAX1</PaxRefID>
                    <PaxRefID>PAX2</PaxRefID>
                    <ServiceAssociations>
                        <PaxJourneyRefID>PJ5</PaxJourneyRefID>
                        <PaxJourneyRefID>PJ2</PaxJourneyRefID>
                    </ServiceAssociations>
                    <ServiceID>SV388</ServiceID>
                </Service>
            </OfferItem>
            <OfferItem>
                <FareDetail>
                    <FarePriceType>
                        <Price>
                            <BaseAmount CurCode="EUR">50.00000000000000000000</BaseAmount>
                            <TotalAmount CurCode="EUR">50.00000000000000000000</TotalAmount>
                        </Price>
                    </FarePriceType>
                    <PaxRefID>PAX1</PaxRefID>
                </FareDetail>
                <OfferItemID>3f4f71eb-c800-4dae-adca-4f61f51a7de2</OfferItemID>
                <Price>
                    <BaseAmount CurCode="EUR">50.00000000000000000000</BaseAmount>
                    <TotalAmount CurCode="EUR">50.00000000000000000000</TotalAmount>
                </Price>
                <Service>
                    <PaxRefID>PAX1</PaxRefID>
                    <ServiceAssociations>
                        <ServiceDefinitionRef>
                            <ServiceDefinitionRefID>SD1</ServiceDefinitionRefID>
                        </ServiceDefinitionRef>
                    </ServiceAssociations>
                    <ServiceID>SV389</ServiceID>
                </Service>
            </OfferItem>
            <OfferItem>
                <FareDetail>
                    <FarePriceType>
                        <Price>
                            <BaseAmount CurCode="EUR">50.00000000000000000000</BaseAmount>
                            <TotalAmount CurCode="EUR">50.00000000000000000000</TotalAmount>
                        </Price>
                    </FarePriceType>
                    <PaxRefID>PAX1</PaxRefID>
                </FareDetail>
                <OfferItemID>d59bb99f-d764-457e-9946-08ead0428113</OfferItemID>
                <Price>
                    <BaseAmount CurCode="EUR">50.00000000000000000000</BaseAmount>
                    <TotalAmount CurCode="EUR">50.00000000000000000000</TotalAmount>
                </Price>
                <Service>
                    <PaxRefID>PAX1</PaxRefID>
                    <ServiceAssociations>
                        <ServiceDefinitionRef>
                            <ServiceDefinitionRefID>SD1</ServiceDefinitionRefID>
                        </ServiceDefinitionRef>
                    </ServiceAssociations>
                    <ServiceID>SV390</ServiceID>
                </Service>
            </OfferItem>
            <TotalPrice>
                <BaseAmount CurCode="EUR">402.00000000000000000000</BaseAmount>
                <TaxSummary>
                    <Tax>
                        <Amount CurCode="EUR">400.00000000000000000000</Amount>
                        <TaxCode>TAX_GROUP_1_PAX_1_2</TaxCode>
                        <TaxName>Fuel surcharge (YQ/YR) - PAX1,2</TaxName>
                    </Tax>
                    <Tax>
                        <Amount CurCode="EUR">155.32000000000000000000</Amount>
                        <TaxCode>GENERAL_TAXES_PAX_1_2</TaxCode>
                        <TaxName>Taxes - PAX1,2</TaxName>
                    </Tax>
                    <TotalTaxAmount CurCode="EUR">555.32000000000000000000</TotalTaxAmount>
                </TaxSummary>
                <TotalAmount CurCode="EUR">957.32000000000000000000</TotalAmount>
            </TotalPrice>
        </PricedOffer>
        <ShoppingResponse>
            <ShoppingResponseRefID>2d62d243-8837-4e4d-a91c-45550a2fd6fa</ShoppingResponseRefID>
        </ShoppingResponse>
    </Response>
    <PayloadAttributes>
        <CorrelationID>a222c960-0d2c-4507-bd2c-59362825cc76</CorrelationID>
        <Timestamp>2020-09-30T17:41:43.912</Timestamp>
        <VersionNumber>19.2</VersionNumber>
    </PayloadAttributes>
</IATA_OfferPriceRS>
