<?xml version="1.0" encoding="UTF-8" standalone="yes"?>
<ns12:IATA_AirShoppingRQ xmlns:ns12="http://www.iata.org/IATA/2015/00/2019.2/IATA_AirShoppingRQ">
    <ns12:Party>
        <ns12:Sender>
            <ns12:TravelAgency>
                <ns12:AgencyID>agency1234</ns12:AgencyID>
            </ns12:TravelAgency>
        </ns12:Sender>
    </ns12:Party>
    <ns12:PayloadAttributes>
        <ns12:CorrelationID>102e3cac-aa0f-3a92-a506-1a82173cb0da</ns12:CorrelationID>
        <ns12:PrimaryLangID>FR</ns12:PrimaryLangID>
        <ns12:VersionNumber>19.2</ns12:VersionNumber>
    </ns12:PayloadAttributes>
    <ns12:Request>
        <ns12:FlightCriteria>
            <ns12:OriginDestCriteria>
                <ns12:DestArrivalCriteria>
                    <ns12:IATA_LocationCode>MDE</ns12:IATA_LocationCode>
                </ns12:DestArrivalCriteria>
                <ns12:OriginDepCriteria>
                    <ns12:Date>2024-05-17</ns12:Date>
                    <ns12:IATA_LocationCode>BOG</ns12:IATA_LocationCode>
                </ns12:OriginDepCriteria>
                <ns12:OriginDestID>OD1</ns12:OriginDestID>
            </ns12:OriginDestCriteria>
        </ns12:FlightCriteria>
        <ns12:Paxs>
            <ns12:Pax>
                <ns12:PaxID>PAX1</ns12:PaxID>
                <ns12:PTC>ADT</ns12:PTC>
            </ns12:Pax>
            <ns12:Pax>
                <ns12:PaxID>PAX2</ns12:PaxID>
                <ns12:PTC>ADT</ns12:PTC>
            </ns12:Pax>
        </ns12:Paxs>
        <ns12:ResponseParameters>
            <ns12:CurParameter>
                <ns12:RequestedCurCode>EUR</ns12:RequestedCurCode>
            </ns12:CurParameter>
            <ns12:LangUsage>
                <ns12:LangCode>fr-FR</ns12:LangCode>
            </ns12:LangUsage>
        </ns12:ResponseParameters>
        <ns12:ShoppingCriteria>
            <ns12:CabinTypeCriteria>
                <ns12:CabinTypeName>ECONOMY</ns12:CabinTypeName>
            </ns12:CabinTypeCriteria>
        </ns12:ShoppingCriteria>
    </ns12:Request>
</ns12:IATA_AirShoppingRQ>
