<?xml version="1.0" encoding="UTF-8" standalone="yes"?>
<ns6:IATA_SeatAvailabilityRQ xmlns:ns6="http://www.iata.org/IATA/2015/00/2019.2/IATA_SeatAvailabilityRQ">
    <ns6:Party>
        <ns6:Sender>
            <ns6:TravelAgency>
                <ns6:AgencyID>agency1234</ns6:AgencyID>
            </ns6:TravelAgency>
        </ns6:Sender>
    </ns6:Party>
    <ns6:PayloadAttributes>
        <ns6:CorrelationID>102e3cac-aa0f-3a92-a506-1a82173cb0da</ns6:CorrelationID>
        <ns6:PrimaryLangID>FR</ns6:PrimaryLangID>
        <ns6:VersionNumber>19.2</ns6:VersionNumber>
    </ns6:PayloadAttributes>
    <ns6:Request>
        <ns6:CoreRequest>
            <ns6:Offer>
                <ns6:OfferID>1dd4aa6e-835a-4f37-bb38-7f1d21951424</ns6:OfferID>
                <ns6:OwnerCode>TA</ns6:OwnerCode>
            </ns6:Offer>
        </ns6:CoreRequest>
        <ns6:Pax>
            <ns6:PaxID>PAX1</ns6:PaxID>
            <ns6:PTC>ADT</ns6:PTC>
        </ns6:Pax>
        <ns6:Pax>
            <ns6:PaxID>PAX2</ns6:PaxID>
            <ns6:PTC>ADT</ns6:PTC>
        </ns6:Pax>
        <ns6:ResponseParameters>
            <ns6:CurParameter>
                <ns6:RequestedCurCode>EUR</ns6:RequestedCurCode>
            </ns6:CurParameter>
            <ns6:Device/>
            <ns6:LangUsage>
                <ns6:LangCode>fr-FR</ns6:LangCode>
            </ns6:LangUsage>
        </ns6:ResponseParameters>
        <ns6:ShoppingResponse>
            <ns6:OwnerCode>TA</ns6:OwnerCode>
            <ns6:ShoppingResponseRefID>96aa55f2-d2da-431e-a4b1-2c85452ca415</ns6:ShoppingResponseRefID>
        </ns6:ShoppingResponse>
    </ns6:Request>
</ns6:IATA_SeatAvailabilityRQ>