<?xml version="1.0" encoding="UTF-8" standalone="yes"?>
<ns17:IATA_OfferPriceRQ xmlns:ns17="http://www.iata.org/IATA/2015/00/2019.2/IATA_OfferPriceRQ">
    <ns17:Party>
        <ns17:Sender>
            <ns17:TravelAgency>
                <ns17:AgencyID>agency1234</ns17:AgencyID>
            </ns17:TravelAgency>
        </ns17:Sender>
    </ns17:Party>
    <ns17:PayloadAttributes>
        <ns17:CorrelationID>102e3cac-aa0f-3a92-a506-1a82173cb0da</ns17:CorrelationID>
        <ns17:PrimaryLangID>FR</ns17:PrimaryLangID>
        <ns17:VersionNumber>19.2</ns17:VersionNumber>
    </ns17:PayloadAttributes>
    <ns17:Request>
        <ns17:DataLists>
            <ns17:PaxList>
                <ns17:Pax>
                    <ns17:PaxID>PAX1</ns17:PaxID>
                    <ns17:PTC>ADT</ns17:PTC>
                </ns17:Pax>
                <ns17:Pax>
                    <ns17:PaxID>PAX2</ns17:PaxID>
                    <ns17:PTC>ADT</ns17:PTC>
                </ns17:Pax>
            </ns17:PaxList>
        </ns17:DataLists>
        <ns17:OfferPriceParameters>
            <ns17:CurParameter>
                <ns17:CurCode>EUR</ns17:CurCode>
            </ns17:CurParameter>
        </ns17:OfferPriceParameters>
        <ns17:PricedOffer>
            <ns17:SelectedOffer>
                <ns17:OfferRefID>efd04240-6614-4cbc-900e-859be84dd4d5</ns17:OfferRefID>
                <ns17:OwnerCode>TA</ns17:OwnerCode>
                <ns17:SelectedOfferItem>
                    <ns17:OfferItemRefID>048fe850-f76e-40e2-874f-d6671b1dc5c0</ns17:OfferItemRefID>
                    <ns17:PaxRefID>PAX1</ns17:PaxRefID>
                    <ns17:PaxRefID>PAX2</ns17:PaxRefID>
                </ns17:SelectedOfferItem>
                <ns17:SelectedOfferItem>
                    <ns17:OfferItemRefID>cc1a4459-c85c-4d7d-9ed6-1dceee1eacb8</ns17:OfferItemRefID>
                    <ns17:PaxRefID>PAX1</ns17:PaxRefID>
                    <ns17:PaxRefID>PAX2</ns17:PaxRefID>
                </ns17:SelectedOfferItem>
                <ns17:ShoppingResponseRefID>96aa55f2-d2da-431e-a4b1-2c85452ca415</ns17:ShoppingResponseRefID>
            </ns17:SelectedOffer>
            <ns17:SelectedOffer>
                <ns17:OfferRefID>dada8b1c-c730-41d1-9c74-e3097a395036</ns17:OfferRefID>
                <ns17:OwnerCode>TA</ns17:OwnerCode>
                <ns17:SelectedOfferItem>
                    <ns17:OfferItemRefID>c0c2ef02-752a-48ba-8c9f-b88ef2fa268e</ns17:OfferItemRefID>
                    <ns17:PaxRefID>PAX1</ns17:PaxRefID>
                    <ns17:SelectedALaCarteOfferItem>
                        <ns17:Qty>1</ns17:Qty>
                    </ns17:SelectedALaCarteOfferItem>
                    <ns17:SelectedSeat>
                        <ns17:ColumnID>C</ns17:ColumnID>
                        <ns17:SeatRowNumber>11</ns17:SeatRowNumber>
                    </ns17:SelectedSeat>
                </ns17:SelectedOfferItem>
                <ns17:SelectedOfferItem>
                    <ns17:OfferItemRefID>504472f2-4b0c-4488-98ee-cf1118e944e7</ns17:OfferItemRefID>
                    <ns17:PaxRefID>PAX2</ns17:PaxRefID>
                    <ns17:SelectedALaCarteOfferItem>
                        <ns17:Qty>1</ns17:Qty>
                    </ns17:SelectedALaCarteOfferItem>
                    <ns17:SelectedSeat>
                        <ns17:ColumnID>D</ns17:ColumnID>
                        <ns17:SeatRowNumber>11</ns17:SeatRowNumber>
                    </ns17:SelectedSeat>
                </ns17:SelectedOfferItem>
                <ns17:ShoppingResponseRefID>96aa55f2-d2da-431e-a4b1-2c85452ca415</ns17:ShoppingResponseRefID>
            </ns17:SelectedOffer>
        </ns17:PricedOffer>
    </ns17:Request>
</ns17:IATA_OfferPriceRQ>