<?xml version='1.0' encoding='UTF-8'?>
<ns10:IATA_OfferPriceRS xmlns:ns10="http://www.iata.org/IATA/2015/00/2019.2/IATA_OfferPriceRS">
    <ns10:Response>
        <ns10:DataLists>
            <ns10:BaggageAllowanceList>
                <ns10:BaggageAllowance>
                    <ns10:BaggageAllowanceID>BA1</ns10:BaggageAllowanceID>
                    <ns10:PieceAllowance>
                        <ns10:ApplicablePartyText>Traveler</ns10:ApplicablePartyText>
                        <ns10:TotalQty>0</ns10:TotalQty>
                    </ns10:PieceAllowance>
                    <ns10:TypeCode>Checked</ns10:TypeCode>
                </ns10:BaggageAllowance>
            </ns10:BaggageAllowanceList>
            <ns10:OriginDestList>
                <ns10:OriginDest>
                    <ns10:DestCode>MDE</ns10:DestCode>
                    <ns10:OriginCode>BOG</ns10:OriginCode>
                    <ns10:OriginDestID>OD1</ns10:OriginDestID>
                    <ns10:PaxJourneyRefID>PJ4</ns10:PaxJourneyRefID>
                </ns10:OriginDest>
            </ns10:OriginDestList>
            <ns10:PaxJourneyList>
                <ns10:PaxJourney>
                    <ns10:Duration>P0Y0M0DT1H3M0S</ns10:Duration>
                    <ns10:PaxJourneyID>PJ4</ns10:PaxJourneyID>
                    <ns10:PaxSegmentRefID>SEG4</ns10:PaxSegmentRefID>
                </ns10:PaxJourney>
            </ns10:PaxJourneyList>
            <ns10:PaxList>
                <ns10:Pax>
                    <ns10:PaxID>PAX1</ns10:PaxID>
                    <ns10:PTC>ADT</ns10:PTC>
                </ns10:Pax>
                <ns10:Pax>
                    <ns10:PaxID>PAX2</ns10:PaxID>
                    <ns10:PTC>ADT</ns10:PTC>
                </ns10:Pax>
            </ns10:PaxList>
            <ns10:PaxSegmentList>
                <ns10:PaxSegment>
                    <ns10:Arrival>
                        <ns10:AircraftScheduledDateTime>2024-05-17T07:33:00</ns10:AircraftScheduledDateTime>
                        <ns10:IATA_LocationCode>MDE</ns10:IATA_LocationCode>
                    </ns10:Arrival>
                    <ns10:DatedOperatingLeg>
                        <ns10:Arrival/>
                        <ns10:CarrierAircraftType>
                            <ns10:CarrierAircraftTypeCode>320</ns10:CarrierAircraftTypeCode>
                        </ns10:CarrierAircraftType>
                        <ns10:DatedOperatingLegID>DOL23</ns10:DatedOperatingLegID>
                        <ns10:Dep/>
                    </ns10:DatedOperatingLeg>
                    <ns10:Dep>
                        <ns10:AircraftScheduledDateTime>2024-05-17T06:30:00</ns10:AircraftScheduledDateTime>
                        <ns10:IATA_LocationCode>BOG</ns10:IATA_LocationCode>
                        <ns10:TerminalName>1</ns10:TerminalName>
                    </ns10:Dep>
                    <ns10:Duration>P0Y0M0DT1H3M0S</ns10:Duration>
                    <ns10:MarketingCarrierInfo>
                        <ns10:CarrierDesigCode>AV</ns10:CarrierDesigCode>
                        <ns10:MarketingCarrierFlightNumberText>9358</ns10:MarketingCarrierFlightNumberText>
                    </ns10:MarketingCarrierInfo>
                    <ns10:OperatingCarrierInfo>
                        <ns10:CarrierDesigCode>AV</ns10:CarrierDesigCode>
                    </ns10:OperatingCarrierInfo>
                    <ns10:PaxSegmentID>SEG4</ns10:PaxSegmentID>
                </ns10:PaxSegment>
            </ns10:PaxSegmentList>
            <ns10:PriceClassList>
                <ns10:PriceClass>
                    <ns10:CabinType>
                        <ns10:CabinTypeName>ECONOMY</ns10:CabinTypeName>
                    </ns10:CabinType>
                    <ns10:Desc>
                        <ns10:DescText>1 accessoire</ns10:DescText>
                    </ns10:Desc>
                    <ns10:Desc>
                        <ns10:DescText>L'annulation n'est pas possible</ns10:DescText>
                    </ns10:Desc>
                    <ns10:Desc>
                        <ns10:DescText>La modification avant départ est possible avec frais</ns10:DescText>
                    </ns10:Desc>
                    <ns10:Desc>
                        <ns10:DescText>La modification après n'est pas possible</ns10:DescText>
                    </ns10:Desc>
                    <ns10:Name>basic</ns10:Name>
                    <ns10:PriceClassID>PC1</ns10:PriceClassID>
                </ns10:PriceClass>
            </ns10:PriceClassList>
        </ns10:DataLists>
        <ns10:PaymentFunctions>
            <ns10:PaymentSupportedMethod>
                <ns10:TypeCode>Cash</ns10:TypeCode>
            </ns10:PaymentSupportedMethod>
        </ns10:PaymentFunctions>
        <ns10:PricedOffer>
            <ns10:BaggageAllowance>
                <ns10:BaggageAllowanceRefID>BA1</ns10:BaggageAllowanceRefID>
                <ns10:BaggageFlightAssociations>
                    <ns10:PaxSegmentRefID>SEG4</ns10:PaxSegmentRefID>
                </ns10:BaggageFlightAssociations>
                <ns10:PaxJourneyRefID>PJ4</ns10:PaxJourneyRefID>
                <ns10:PaxRefID>PAX1</ns10:PaxRefID>
                <ns10:PaxRefID>PAX2</ns10:PaxRefID>
            </ns10:BaggageAllowance>
            <ns10:JourneyOverview>
                <ns10:JourneyPriceClass>
                    <ns10:PaxJourneyRefID>PJ4</ns10:PaxJourneyRefID>
                    <ns10:PriceClassRefID>PC1</ns10:PriceClassRefID>
                </ns10:JourneyPriceClass>
            </ns10:JourneyOverview>
            <ns10:OfferID>8fe51df0-e3ba-4fa7-a0cb-5bc4e62840ac</ns10:OfferID>
            <ns10:OfferItem>
                <ns10:FareDetail>
                    <ns10:FareComponent>
                        <ns10:CabinType>
                            <ns10:CabinTypeCode>M</ns10:CabinTypeCode>
                            <ns10:CabinTypeName>ECONOMY</ns10:CabinTypeName>
                        </ns10:CabinType>
                        <ns10:FareBasisCode>SEOB0BRK</ns10:FareBasisCode>
                        <ns10:PaxSegmentRefID>SEG4</ns10:PaxSegmentRefID>
                        <ns10:PriceClassRefID>PC1</ns10:PriceClassRefID>
                    </ns10:FareComponent>
                    <ns10:FarePriceType>
                        <ns10:FarePriceTypeCode>70J</ns10:FarePriceTypeCode>
                        <ns10:Price>
                            <ns10:BaseAmount CurCode="EUR">39.64</ns10:BaseAmount>
                            <ns10:TaxSummary>
                                <ns10:Tax>
                                    <ns10:Amount CurCode="EUR">12.72</ns10:Amount>
                                    <ns10:TaxCode>GENERAL_TAXES_PAX_1_2</ns10:TaxCode>
                                    <ns10:TaxName>Taxes - PAX1,2</ns10:TaxName>
                                </ns10:Tax>
                                <ns10:TotalTaxAmount CurCode="EUR">12.72</ns10:TotalTaxAmount>
                            </ns10:TaxSummary>
                            <ns10:TotalAmount CurCode="EUR">52.37</ns10:TotalAmount>
                        </ns10:Price>
                    </ns10:FarePriceType>
                    <ns10:PaxRefID>PAX1</ns10:PaxRefID>
                    <ns10:PaxRefID>PAX2</ns10:PaxRefID>
                </ns10:FareDetail>
                <ns10:OfferItemID>75457501-af8e-4e27-b095-dbf287ace6dc</ns10:OfferItemID>
                <ns10:PaymentTimeLimit>
                    <ns10:PaymentTimeLimitDuration>PT0S</ns10:PaymentTimeLimitDuration>
                </ns10:PaymentTimeLimit>
                <ns10:Price>
                    <ns10:BaseAmount CurCode="EUR">79.29</ns10:BaseAmount>
                    <ns10:TotalAmount CurCode="EUR">104.74</ns10:TotalAmount>
                </ns10:Price>
                <ns10:Service>
                    <ns10:PaxRefID>PAX1</ns10:PaxRefID>
                    <ns10:PaxRefID>PAX2</ns10:PaxRefID>
                    <ns10:ServiceAssociations>
                        <ns10:PaxJourneyRefID>PJ4</ns10:PaxJourneyRefID>
                    </ns10:ServiceAssociations>
                    <ns10:ServiceID>SV481</ns10:ServiceID>
                </ns10:Service>
            </ns10:OfferItem>
            <ns10:OfferItem>
                <ns10:FareDetail>
                    <ns10:FarePriceType>
                        <ns10:FarePriceTypeCode>70J</ns10:FarePriceTypeCode>
                        <ns10:Price>
                            <ns10:BaseAmount CurCode="EUR">7.19</ns10:BaseAmount>
                            <ns10:TotalAmount CurCode="EUR">7.19</ns10:TotalAmount>
                        </ns10:Price>
                    </ns10:FarePriceType>
                    <ns10:PaxRefID>PAX1</ns10:PaxRefID>
                </ns10:FareDetail>
                <ns10:OfferItemID>b8587b87-3952-4ea5-b218-6e78f9392a9d</ns10:OfferItemID>
                <ns10:PaymentTimeLimit>
                    <ns10:PaymentTimeLimitDuration>PT0S</ns10:PaymentTimeLimitDuration>
                </ns10:PaymentTimeLimit>
                <ns10:Price>
                    <ns10:BaseAmount CurCode="EUR">7.19</ns10:BaseAmount>
                    <ns10:TotalAmount CurCode="EUR">7.19</ns10:TotalAmount>
                </ns10:Price>
                <ns10:Service>
                    <ns10:PaxRefID>PAX1</ns10:PaxRefID>
                    <ns10:ServiceAssociations>
                        <ns10:SeatAssignment>
                            <ns10:DatedOperatingLegRefID>DOL23</ns10:DatedOperatingLegRefID>
                            <ns10:Seat>
                                <ns10:ColumnID>C</ns10:ColumnID>
                                <ns10:RowNumber>11</ns10:RowNumber>
                            </ns10:Seat>
                        </ns10:SeatAssignment>
                    </ns10:ServiceAssociations>
                    <ns10:ServiceID>SV482</ns10:ServiceID>
                </ns10:Service>
            </ns10:OfferItem>
            <ns10:OfferItem>
                <ns10:FareDetail>
                    <ns10:FarePriceType>
                        <ns10:FarePriceTypeCode>70J</ns10:FarePriceTypeCode>
                        <ns10:Price>
                            <ns10:BaseAmount CurCode="EUR">7.19</ns10:BaseAmount>
                            <ns10:TotalAmount CurCode="EUR">7.19</ns10:TotalAmount>
                        </ns10:Price>
                    </ns10:FarePriceType>
                    <ns10:PaxRefID>PAX2</ns10:PaxRefID>
                </ns10:FareDetail>
                <ns10:OfferItemID>d7c60f5d-0a04-40c3-9e6c-a8f51953e8b3</ns10:OfferItemID>
                <ns10:PaymentTimeLimit>
                    <ns10:PaymentTimeLimitDuration>PT0S</ns10:PaymentTimeLimitDuration>
                </ns10:PaymentTimeLimit>
                <ns10:Price>
                    <ns10:BaseAmount CurCode="EUR">7.19</ns10:BaseAmount>
                    <ns10:TotalAmount CurCode="EUR">7.19</ns10:TotalAmount>
                </ns10:Price>
                <ns10:Service>
                    <ns10:PaxRefID>PAX2</ns10:PaxRefID>
                    <ns10:ServiceAssociations>
                        <ns10:SeatAssignment>
                            <ns10:DatedOperatingLegRefID>DOL23</ns10:DatedOperatingLegRefID>
                            <ns10:Seat>
                                <ns10:ColumnID>D</ns10:ColumnID>
                                <ns10:RowNumber>11</ns10:RowNumber>
                            </ns10:Seat>
                        </ns10:SeatAssignment>
                    </ns10:ServiceAssociations>
                    <ns10:ServiceID>SV483</ns10:ServiceID>
                </ns10:Service>
            </ns10:OfferItem>
            <ns10:OfferItem>
                <ns10:FareDetail>
                    <ns10:FarePriceType>
                        <ns10:FarePriceTypeCode>70J</ns10:FarePriceTypeCode>
                        <ns10:Price>
                            <ns10:BaseAmount>0</ns10:BaseAmount>
                            <ns10:Fee>
                                <ns10:Amount CurCode="EUR">3.48</ns10:Amount>
                                <ns10:DescText>MB2</ns10:DescText>
                                <ns10:DesigText>MB2</ns10:DesigText>
                            </ns10:Fee>
                            <ns10:TotalAmount CurCode="EUR">3.48</ns10:TotalAmount>
                        </ns10:Price>
                    </ns10:FarePriceType>
                    <ns10:PaxRefID>PAX1</ns10:PaxRefID>
                    <ns10:PaxRefID>PAX2</ns10:PaxRefID>
                </ns10:FareDetail>
                <ns10:OfferItemID>cc59b279-1900-4f56-a69c-d7a0bb62ce05</ns10:OfferItemID>
                <ns10:PaymentTimeLimit>
                    <ns10:PaymentTimeLimitDuration>PT0S</ns10:PaymentTimeLimitDuration>
                </ns10:PaymentTimeLimit>
                <ns10:Price>
                    <ns10:BaseAmount>0</ns10:BaseAmount>
                    <ns10:TotalAmount CurCode="EUR">6.95</ns10:TotalAmount>
                </ns10:Price>
                <ns10:Service>
                    <ns10:PaxRefID>PAX1</ns10:PaxRefID>
                    <ns10:PaxRefID>PAX2</ns10:PaxRefID>
                    <ns10:ServiceAssociations>
                        <ns10:PaxJourneyRefID>PJ4</ns10:PaxJourneyRefID>
                    </ns10:ServiceAssociations>
                    <ns10:ServiceID>SV484</ns10:ServiceID>
                </ns10:Service>
            </ns10:OfferItem>
            <ns10:OwnerCode>TA</ns10:OwnerCode>
            <ns10:TotalPrice>
                <ns10:BaseAmount CurCode="EUR">93.67</ns10:BaseAmount>
                <ns10:Fee>
                    <ns10:Amount CurCode="EUR">6.95</ns10:Amount>
                    <ns10:DescText>MB2</ns10:DescText>
                    <ns10:DesigText>MB2</ns10:DesigText>
                </ns10:Fee>
                <ns10:TaxSummary>
                    <ns10:Tax>
                        <ns10:Amount CurCode="EUR">25.45</ns10:Amount>
                        <ns10:TaxCode>GENERAL_TAXES_PAX_1_2</ns10:TaxCode>
                        <ns10:TaxName>Taxes - PAX1,2</ns10:TaxName>
                    </ns10:Tax>
                    <ns10:TotalTaxAmount CurCode="EUR">25.45</ns10:TotalTaxAmount>
                </ns10:TaxSummary>
                <ns10:TotalAmount CurCode="EUR">126.07</ns10:TotalAmount>
            </ns10:TotalPrice>
        </ns10:PricedOffer>
        <ns10:ShoppingResponse>
            <ns10:ShoppingResponseRefID>96aa55f2-d2da-431e-a4b1-2c85452ca415</ns10:ShoppingResponseRefID>
        </ns10:ShoppingResponse>
        <ns10:Warning>
            <ns10:Code>911</ns10:Code>
            <ns10:DescText>CODE DE LANGUE ERRONE</ns10:DescText>
            <ns10:OwnerName>AVIANCA</ns10:OwnerName>
        </ns10:Warning>
    </ns10:Response>
    <ns10:PayloadAttributes>
        <ns10:CorrelationID>102e3cac-aa0f-3a92-a506-1a82173cb0da</ns10:CorrelationID>
        <ns10:Timestamp>2024-04-05T14:42:21.294+02:00</ns10:Timestamp>
        <ns10:VersionNumber>19.2</ns10:VersionNumber>
    </ns10:PayloadAttributes>
</ns10:IATA_OfferPriceRS>