<?xml version="1.0" encoding="UTF-8" standalone="yes"?>
<ns14:IATA_OrderCreateRQ xmlns:ns14="http://www.iata.org/IATA/2015/00/2019.2/IATA_OrderCreateRQ">
    <ns14:Party>
        <ns14:Sender>
            <ns14:TravelAgency>
                <ns14:AgencyID>agency1234</ns14:AgencyID>
            </ns14:TravelAgency>
        </ns14:Sender>
    </ns14:Party>
    <ns14:PayloadAttributes>
        <ns14:CorrelationID>102e3cac-aa0f-3a92-a506-1a82173cb0da</ns14:CorrelationID>
        <ns14:PrimaryLangID>FR</ns14:PrimaryLangID>
        <ns14:VersionNumber>19.2</ns14:VersionNumber>
    </ns14:PayloadAttributes>
    <ns14:Request>
        <ns14:CreateOrder>
            <ns14:SelectedOffer>
                <ns14:OfferRefID>8fe51df0-e3ba-4fa7-a0cb-5bc4e62840ac</ns14:OfferRefID>
                <ns14:OwnerCode>TA</ns14:OwnerCode>
                <ns14:SelectedOfferItem>
                    <ns14:OfferItemRefID>75457501-af8e-4e27-b095-dbf287ace6dc</ns14:OfferItemRefID>
                    <ns14:PaxRefID>PAX1</ns14:PaxRefID>
                    <ns14:PaxRefID>PAX2</ns14:PaxRefID>
                </ns14:SelectedOfferItem>
                <ns14:SelectedOfferItem>
                    <ns14:OfferItemRefID>b8587b87-3952-4ea5-b218-6e78f9392a9d</ns14:OfferItemRefID>
                    <ns14:PaxRefID>PAX1</ns14:PaxRefID>
                    <ns14:SelectedALaCarteOfferItem>
                        <ns14:Qty>1</ns14:Qty>
                    </ns14:SelectedALaCarteOfferItem>
                    <ns14:SelectedSeat>
                        <ns14:ColumnID>C</ns14:ColumnID>
                        <ns14:SeatRowNumber>11</ns14:SeatRowNumber>
                    </ns14:SelectedSeat>
                </ns14:SelectedOfferItem>
                <ns14:SelectedOfferItem>
                    <ns14:OfferItemRefID>d7c60f5d-0a04-40c3-9e6c-a8f51953e8b3</ns14:OfferItemRefID>
                    <ns14:PaxRefID>PAX2</ns14:PaxRefID>
                    <ns14:SelectedALaCarteOfferItem>
                        <ns14:Qty>1</ns14:Qty>
                    </ns14:SelectedALaCarteOfferItem>
                    <ns14:SelectedSeat>
                        <ns14:ColumnID>D</ns14:ColumnID>
                        <ns14:SeatRowNumber>11</ns14:SeatRowNumber>
                    </ns14:SelectedSeat>
                </ns14:SelectedOfferItem>
                <ns14:ShoppingResponseRefID>96aa55f2-d2da-431e-a4b1-2c85452ca415</ns14:ShoppingResponseRefID>
            </ns14:SelectedOffer>
        </ns14:CreateOrder>
        <ns14:DataLists>
            <ns14:ContactInfoList>
                <ns14:ContactInfo>
                    <ns14:ContactInfoID>CONT1</ns14:ContactInfoID>
                    <ns14:EmailAddress>
                        <ns14:EmailAddressText>florian.garnier@orchestra.eu</ns14:EmailAddressText>
                    </ns14:EmailAddress>
                    <ns14:Phone>
                        <ns14:AreaCodeNumber></ns14:AreaCodeNumber>
                        <ns14:CountryDialingCode>33</ns14:CountryDialingCode>
                        <ns14:PhoneNumber>622761972</ns14:PhoneNumber>
                    </ns14:Phone>
                    <ns14:PostalAddress>
                        <ns14:CityName>Paris</ns14:CityName>
                        <ns14:ContactTypeText>AddressAtOrigin</ns14:ContactTypeText>
                        <ns14:CountryCode>FR</ns14:CountryCode>
                        <ns14:PostalCode>75002</ns14:PostalCode>
                        <ns14:StreetText>38 av opera</ns14:StreetText>
                    </ns14:PostalAddress>
                </ns14:ContactInfo>
            </ns14:ContactInfoList>
            <ns14:PaxList>
                <ns14:Pax>
                    <ns14:Birthdate>1986-01-01</ns14:Birthdate>
                    <ns14:ContactInfoRefID>CONT1</ns14:ContactInfoRefID>
                    <ns14:Individual>
                        <ns14:Birthdate>1986-01-01</ns14:Birthdate>
                        <ns14:GenderCode>M</ns14:GenderCode>
                        <ns14:GivenName>Florian</ns14:GivenName>
                        <ns14:IndividualID>IND1</ns14:IndividualID>
                        <ns14:Surname>Garnier</ns14:Surname>
                        <ns14:TitleName>MR</ns14:TitleName>
                    </ns14:Individual>
                    <ns14:PaxID>PAX1</ns14:PaxID>
                    <ns14:PTC>ADT</ns14:PTC>
                </ns14:Pax>
                <ns14:Pax>
                    <ns14:Birthdate>1988-01-01</ns14:Birthdate>
                    <ns14:ContactInfoRefID>CONT1</ns14:ContactInfoRefID>
                    <ns14:Individual>
                        <ns14:Birthdate>1988-01-01</ns14:Birthdate>
                        <ns14:GenderCode>F</ns14:GenderCode>
                        <ns14:GivenName>Flora</ns14:GivenName>
                        <ns14:IndividualID>IND2</ns14:IndividualID>
                        <ns14:Surname>Garnier</ns14:Surname>
                        <ns14:TitleName>MRS</ns14:TitleName>
                    </ns14:Individual>
                    <ns14:PaxID>PAX2</ns14:PaxID>
                    <ns14:PTC>ADT</ns14:PTC>
                </ns14:Pax>
            </ns14:PaxList>
        </ns14:DataLists>
        <ns14:OrderCreateParameters>
            <ns14:CurParameter>
                <ns14:CurCode>EUR</ns14:CurCode>
                <ns14:RequestedCurCode>EUR</ns14:RequestedCurCode>
            </ns14:CurParameter>
        </ns14:OrderCreateParameters>
        <ns14:PaymentFunctions>
            <ns14:PaymentProcessingDetails>
                <ns14:Amount CurCode="EUR">126.07</ns14:Amount>
                <ns14:PaymentMethod>
                    <ns14:Cash/>
                </ns14:PaymentMethod>
                <ns14:TypeCode>CA</ns14:TypeCode>
            </ns14:PaymentProcessingDetails>
        </ns14:PaymentFunctions>
    </ns14:Request>
</ns14:IATA_OrderCreateRQ>