<?xml version='1.0' encoding='UTF-8'?>
<ns5:IATA_OrderViewRS xmlns:ns5="http://www.iata.org/IATA/2015/00/2019.2/IATA_OrderViewRS">
    <ns5:Response>
        <ns5:DataLists>
            <ns5:ContactInfoList>
                <ns5:ContactInfo>
                    <ns5:ContactInfoID>CONT1</ns5:ContactInfoID>
                    <ns5:EmailAddress>
                        <ns5:EmailAddressText>florian.garnier@orchestra.eu</ns5:EmailAddressText>
                    </ns5:EmailAddress>
                    <ns5:Phone>
                        <ns5:CountryDialingCode>33</ns5:CountryDialingCode>
                        <ns5:PhoneNumber>622761972</ns5:PhoneNumber>
                    </ns5:Phone>
                    <ns5:PostalAddress>
                        <ns5:CityName>Paris</ns5:CityName>
                        <ns5:CountryCode>FR</ns5:CountryCode>
                        <ns5:PostalCode>75002</ns5:PostalCode>
                        <ns5:StreetText>38 av opera</ns5:StreetText>
                    </ns5:PostalAddress>
                </ns5:ContactInfo>
            </ns5:ContactInfoList>
            <ns5:OriginDestList>
                <ns5:OriginDest>
                    <ns5:DestCode>MDE</ns5:DestCode>
                    <ns5:OriginCode>BOG</ns5:OriginCode>
                    <ns5:OriginDestID>OD2</ns5:OriginDestID>
                    <ns5:PaxJourneyRefID>PJ20</ns5:PaxJourneyRefID>
                </ns5:OriginDest>
            </ns5:OriginDestList>
            <ns5:PaxJourneyList>
                <ns5:PaxJourney>
                    <ns5:Duration>P0Y0M0DT1H3M0S</ns5:Duration>
                    <ns5:PaxJourneyID>PJ20</ns5:PaxJourneyID>
                    <ns5:PaxSegmentRefID>SEG20</ns5:PaxSegmentRefID>
                </ns5:PaxJourney>
            </ns5:PaxJourneyList>
            <ns5:PaxList>
                <ns5:Pax>
                    <ns5:Birthdate>1986-01-01</ns5:Birthdate>
                    <ns5:ContactInfoRefID>CONT1</ns5:ContactInfoRefID>
                    <ns5:Individual>
                        <ns5:GenderCode>M</ns5:GenderCode>
                        <ns5:GivenName>Florian</ns5:GivenName>
                        <ns5:Surname>Garnier</ns5:Surname>
                        <ns5:TitleName>MR</ns5:TitleName>
                    </ns5:Individual>
                    <ns5:PaxID>PAX1</ns5:PaxID>
                    <ns5:PTC>ADT</ns5:PTC>
                </ns5:Pax>
                <ns5:Pax>
                    <ns5:Birthdate>1988-01-01</ns5:Birthdate>
                    <ns5:ContactInfoRefID>CONT1</ns5:ContactInfoRefID>
                    <ns5:Individual>
                        <ns5:GenderCode>F</ns5:GenderCode>
                        <ns5:GivenName>Flora</ns5:GivenName>
                        <ns5:Surname>Garnier</ns5:Surname>
                        <ns5:TitleName>MRS</ns5:TitleName>
                    </ns5:Individual>
                    <ns5:PaxID>PAX2</ns5:PaxID>
                    <ns5:PTC>ADT</ns5:PTC>
                </ns5:Pax>
            </ns5:PaxList>
            <ns5:PaxSegmentList>
                <ns5:PaxSegment>
                    <ns5:Arrival>
                        <ns5:AircraftScheduledDateTime>2024-05-17T07:33:00.000+02:00</ns5:AircraftScheduledDateTime>
                        <ns5:IATA_LocationCode>MDE</ns5:IATA_LocationCode>
                    </ns5:Arrival>
                    <ns5:DatedOperatingLeg>
                        <ns5:Arrival/>
                        <ns5:CarrierAircraftType>
                            <ns5:CarrierAircraftTypeCode>320</ns5:CarrierAircraftTypeCode>
                            <ns5:CarrierAircraftTypeName>320</ns5:CarrierAircraftTypeName>
                        </ns5:CarrierAircraftType>
                        <ns5:DatedOperatingLegID>DOL24</ns5:DatedOperatingLegID>
                        <ns5:Dep/>
                    </ns5:DatedOperatingLeg>
                    <ns5:Dep>
                        <ns5:AircraftScheduledDateTime>2024-05-17T06:30:00.000+02:00</ns5:AircraftScheduledDateTime>
                        <ns5:IATA_LocationCode>BOG</ns5:IATA_LocationCode>
                        <ns5:TerminalName>1</ns5:TerminalName>
                    </ns5:Dep>
                    <ns5:Duration>P0Y0M0DT1H3M0S</ns5:Duration>
                    <ns5:MarketingCarrierInfo>
                        <ns5:CarrierDesigCode>TA</ns5:CarrierDesigCode>
                        <ns5:MarketingCarrierFlightNumberText>9358</ns5:MarketingCarrierFlightNumberText>
                    </ns5:MarketingCarrierInfo>
                    <ns5:OperatingCarrierInfo>
                        <ns5:CarrierDesigCode>AV</ns5:CarrierDesigCode>
                    </ns5:OperatingCarrierInfo>
                    <ns5:PaxSegmentID>SEG20</ns5:PaxSegmentID>
                </ns5:PaxSegment>
            </ns5:PaxSegmentList>
            <ns5:PriceClassList>
                <ns5:PriceClass>
                    <ns5:CabinType>
                        <ns5:CabinTypeName>ECONOMY</ns5:CabinTypeName>
                    </ns5:CabinType>
                    <ns5:Desc>
                        <ns5:DescText>1 accessoire</ns5:DescText>
                    </ns5:Desc>
                    <ns5:Desc>
                        <ns5:DescText>L'annulation n'est pas possible</ns5:DescText>
                    </ns5:Desc>
                    <ns5:Desc>
                        <ns5:DescText>La modification avant départ est possible avec frais</ns5:DescText>
                    </ns5:Desc>
                    <ns5:Desc>
                        <ns5:DescText>La modification après n'est pas possible</ns5:DescText>
                    </ns5:Desc>
                    <ns5:Name>basic</ns5:Name>
                    <ns5:PriceClassID>PC1</ns5:PriceClassID>
                </ns5:PriceClass>
            </ns5:PriceClassList>
        </ns5:DataLists>
        <ns5:Order>
            <ns5:BookingRef>
                <ns5:BookingEntity>
                    <ns5:Carrier>
                        <ns5:AirlineDesigCode>TA</ns5:AirlineDesigCode>
                    </ns5:Carrier>
                </ns5:BookingEntity>
                <ns5:BookingID>3IAXU6</ns5:BookingID>
            </ns5:BookingRef>
            <ns5:BookingRef>
                <ns5:BookingEntity>
                    <ns5:Org>
                        <ns5:Name>ORCHESTRA</ns5:Name>
                        <ns5:OrgID>ORCHESTRA</ns5:OrgID>
                    </ns5:Org>
                </ns5:BookingEntity>
                <ns5:BookingID>3IAXU6</ns5:BookingID>
            </ns5:BookingRef>
            <ns5:OrderID>571174</ns5:OrderID>
            <ns5:OrderItem>
                <ns5:FareDetail>
                    <ns5:FareComponent>
                        <ns5:CabinType>
                            <ns5:CabinTypeCode>M</ns5:CabinTypeCode>
                            <ns5:CabinTypeName>ECONOMY</ns5:CabinTypeName>
                        </ns5:CabinType>
                        <ns5:FareBasisCode>SEOB0BRK</ns5:FareBasisCode>
                        <ns5:PaxSegmentRefID>SEG20</ns5:PaxSegmentRefID>
                        <ns5:PriceClassRefID>PC1</ns5:PriceClassRefID>
                    </ns5:FareComponent>
                    <ns5:FarePriceType>
                        <ns5:FarePriceTypeCode>70J</ns5:FarePriceTypeCode>
                        <ns5:Price>
                            <ns5:BaseAmount CurCode="EUR">39.64</ns5:BaseAmount>
                            <ns5:TaxSummary>
                                <ns5:Tax>
                                    <ns5:Amount CurCode="EUR">12.72</ns5:Amount>
                                    <ns5:TaxCode>GENERAL_TAXES_PAX_1</ns5:TaxCode>
                                    <ns5:TaxName>Taxes - PAX1</ns5:TaxName>
                                </ns5:Tax>
                                <ns5:TotalTaxAmount CurCode="EUR">12.72</ns5:TotalTaxAmount>
                            </ns5:TaxSummary>
                            <ns5:TotalAmount CurCode="EUR">52.37</ns5:TotalAmount>
                        </ns5:Price>
                    </ns5:FarePriceType>
                    <ns5:PaxRefID>PAX1</ns5:PaxRefID>
                </ns5:FareDetail>
                <ns5:FareDetail>
                    <ns5:FareComponent>
                        <ns5:CabinType>
                            <ns5:CabinTypeCode>M</ns5:CabinTypeCode>
                            <ns5:CabinTypeName>ECONOMY</ns5:CabinTypeName>
                        </ns5:CabinType>
                        <ns5:FareBasisCode>SEOB0BRK</ns5:FareBasisCode>
                        <ns5:PaxSegmentRefID>SEG20</ns5:PaxSegmentRefID>
                        <ns5:PriceClassRefID>PC1</ns5:PriceClassRefID>
                    </ns5:FareComponent>
                    <ns5:FarePriceType>
                        <ns5:FarePriceTypeCode>70J</ns5:FarePriceTypeCode>
                        <ns5:Price>
                            <ns5:BaseAmount CurCode="EUR">39.64</ns5:BaseAmount>
                            <ns5:TaxSummary>
                                <ns5:Tax>
                                    <ns5:Amount CurCode="EUR">12.72</ns5:Amount>
                                    <ns5:TaxCode>GENERAL_TAXES_PAX_2</ns5:TaxCode>
                                    <ns5:TaxName>Taxes - PAX2</ns5:TaxName>
                                </ns5:Tax>
                                <ns5:TotalTaxAmount CurCode="EUR">12.72</ns5:TotalTaxAmount>
                            </ns5:TaxSummary>
                            <ns5:TotalAmount CurCode="EUR">52.37</ns5:TotalAmount>
                        </ns5:Price>
                    </ns5:FarePriceType>
                    <ns5:PaxRefID>PAX2</ns5:PaxRefID>
                </ns5:FareDetail>
                <ns5:OrderItemID>ce449f59-c16f-5794-bb49-167321aebc76</ns5:OrderItemID>
                <ns5:Price>
                    <ns5:BaseAmount CurCode="EUR">79.29</ns5:BaseAmount>
                    <ns5:TaxSummary>
                        <ns5:Tax>
                            <ns5:Amount CurCode="EUR">12.72</ns5:Amount>
                            <ns5:TaxCode>GENERAL_TAXES_PAX_1</ns5:TaxCode>
                            <ns5:TaxName>Taxes - PAX1</ns5:TaxName>
                        </ns5:Tax>
                        <ns5:Tax>
                            <ns5:Amount CurCode="EUR">12.72</ns5:Amount>
                            <ns5:TaxCode>GENERAL_TAXES_PAX_2</ns5:TaxCode>
                            <ns5:TaxName>Taxes - PAX2</ns5:TaxName>
                        </ns5:Tax>
                        <ns5:TotalTaxAmount CurCode="EUR">25.45</ns5:TotalTaxAmount>
                    </ns5:TaxSummary>
                    <ns5:TotalAmount CurCode="EUR">104.74</ns5:TotalAmount>
                </ns5:Price>
                <ns5:Service>
                    <ns5:PaxRefID>PAX1</ns5:PaxRefID>
                    <ns5:ServiceAssociations>
                        <ns5:PaxSegmentRefID>SEG20</ns5:PaxSegmentRefID>
                    </ns5:ServiceAssociations>
                    <ns5:ServiceID>SV485</ns5:ServiceID>
                    <ns5:StatusCode>T</ns5:StatusCode>
                </ns5:Service>
                <ns5:Service>
                    <ns5:PaxRefID>PAX2</ns5:PaxRefID>
                    <ns5:ServiceAssociations>
                        <ns5:PaxSegmentRefID>SEG20</ns5:PaxSegmentRefID>
                    </ns5:ServiceAssociations>
                    <ns5:ServiceID>SV486</ns5:ServiceID>
                    <ns5:StatusCode>T</ns5:StatusCode>
                </ns5:Service>
            </ns5:OrderItem>
            <ns5:OrderItem>
                <ns5:FareDetail>
                    <ns5:FareComponent>
                        <ns5:CabinType>
                            <ns5:CabinTypeCode>M</ns5:CabinTypeCode>
                            <ns5:CabinTypeName>ECONOMY</ns5:CabinTypeName>
                        </ns5:CabinType>
                        <ns5:FareBasisCode>SEOB0BRK</ns5:FareBasisCode>
                        <ns5:PaxSegmentRefID>SEG20</ns5:PaxSegmentRefID>
                        <ns5:PriceClassRefID>PC1</ns5:PriceClassRefID>
                    </ns5:FareComponent>
                    <ns5:FarePriceType>
                        <ns5:FarePriceTypeCode>70J</ns5:FarePriceTypeCode>
                        <ns5:Price>
                            <ns5:BaseAmount CurCode="EUR">0.00</ns5:BaseAmount>
                            <ns5:Fee>
                                <ns5:Amount CurCode="EUR">3.48</ns5:Amount>
                                <ns5:DescText>MB2</ns5:DescText>
                                <ns5:DesigText>MB2</ns5:DesigText>
                            </ns5:Fee>
                            <ns5:TotalAmount CurCode="EUR">3.48</ns5:TotalAmount>
                        </ns5:Price>
                    </ns5:FarePriceType>
                    <ns5:PaxRefID>PAX1</ns5:PaxRefID>
                    <ns5:PaxRefID>PAX2</ns5:PaxRefID>
                </ns5:FareDetail>
                <ns5:OrderItemID>0fc205ef-0d84-5228-ba97-3f3725d56138</ns5:OrderItemID>
                <ns5:Price>
                    <ns5:BaseAmount CurCode="EUR">0.00</ns5:BaseAmount>
                    <ns5:Fee>
                        <ns5:Amount CurCode="EUR">6.95</ns5:Amount>
                        <ns5:DescText>MB2</ns5:DescText>
                        <ns5:DesigText>MB2</ns5:DesigText>
                    </ns5:Fee>
                    <ns5:TotalAmount CurCode="EUR">6.95</ns5:TotalAmount>
                </ns5:Price>
                <ns5:Service>
                    <ns5:PaxRefID>PAX1</ns5:PaxRefID>
                    <ns5:ServiceAssociations>
                        <ns5:PaxSegmentRefID>SEG20</ns5:PaxSegmentRefID>
                    </ns5:ServiceAssociations>
                    <ns5:ServiceID>SV487</ns5:ServiceID>
                    <ns5:StatusCode>T</ns5:StatusCode>
                </ns5:Service>
                <ns5:Service>
                    <ns5:PaxRefID>PAX2</ns5:PaxRefID>
                    <ns5:ServiceAssociations>
                        <ns5:PaxSegmentRefID>SEG20</ns5:PaxSegmentRefID>
                    </ns5:ServiceAssociations>
                    <ns5:ServiceID>SV488</ns5:ServiceID>
                    <ns5:StatusCode>T</ns5:StatusCode>
                </ns5:Service>
            </ns5:OrderItem>
            <ns5:OrderItem>
                <ns5:FareDetail>
                    <ns5:FarePriceType>
                        <ns5:FarePriceTypeCode>70J</ns5:FarePriceTypeCode>
                        <ns5:Price>
                            <ns5:BaseAmount CurCode="EUR">7.19</ns5:BaseAmount>
                            <ns5:TotalAmount CurCode="EUR">7.19</ns5:TotalAmount>
                        </ns5:Price>
                    </ns5:FarePriceType>
                    <ns5:PaxRefID>PAX2</ns5:PaxRefID>
                </ns5:FareDetail>
                <ns5:OrderItemID>ec44c07a-4a99-5db9-8c3b-48c7dca943c1</ns5:OrderItemID>
                <ns5:Price>
                    <ns5:BaseAmount CurCode="EUR">7.19</ns5:BaseAmount>
                    <ns5:TotalAmount CurCode="EUR">7.19</ns5:TotalAmount>
                </ns5:Price>
                <ns5:Service>
                    <ns5:PaxRefID>PAX2</ns5:PaxRefID>
                    <ns5:ServiceAssociations>
                        <ns5:SelectedSeat>
                            <ns5:Seat>
                                <ns5:ColumnID>D</ns5:ColumnID>
                                <ns5:RowNumber>11</ns5:RowNumber>
                            </ns5:Seat>
                        </ns5:SelectedSeat>
                    </ns5:ServiceAssociations>
                    <ns5:ServiceID>SV489</ns5:ServiceID>
                    <ns5:StatusCode>T</ns5:StatusCode>
                </ns5:Service>
            </ns5:OrderItem>
            <ns5:OrderItem>
                <ns5:FareDetail>
                    <ns5:FarePriceType>
                        <ns5:FarePriceTypeCode>70J</ns5:FarePriceTypeCode>
                        <ns5:Price>
                            <ns5:BaseAmount CurCode="EUR">7.19</ns5:BaseAmount>
                            <ns5:TotalAmount CurCode="EUR">7.19</ns5:TotalAmount>
                        </ns5:Price>
                    </ns5:FarePriceType>
                    <ns5:PaxRefID>PAX1</ns5:PaxRefID>
                </ns5:FareDetail>
                <ns5:OrderItemID>f2d5a141-e2f4-5058-9f29-68b0688f5fdc</ns5:OrderItemID>
                <ns5:Price>
                    <ns5:BaseAmount CurCode="EUR">7.19</ns5:BaseAmount>
                    <ns5:TotalAmount CurCode="EUR">7.19</ns5:TotalAmount>
                </ns5:Price>
                <ns5:Service>
                    <ns5:PaxRefID>PAX1</ns5:PaxRefID>
                    <ns5:ServiceAssociations>
                        <ns5:SelectedSeat>
                            <ns5:Seat>
                                <ns5:ColumnID>C</ns5:ColumnID>
                                <ns5:RowNumber>11</ns5:RowNumber>
                            </ns5:Seat>
                        </ns5:SelectedSeat>
                    </ns5:ServiceAssociations>
                    <ns5:ServiceID>SV490</ns5:ServiceID>
                    <ns5:StatusCode>T</ns5:StatusCode>
                </ns5:Service>
            </ns5:OrderItem>
            <ns5:OwnerCode>TA</ns5:OwnerCode>
            <ns5:StatusCode>OPENED</ns5:StatusCode>
            <ns5:TotalPrice>
                <ns5:BaseAmount CurCode="EUR">93.67</ns5:BaseAmount>
                <ns5:Fee>
                    <ns5:Amount CurCode="EUR">6.95</ns5:Amount>
                    <ns5:DescText>MB2</ns5:DescText>
                    <ns5:DesigText>MB2</ns5:DesigText>
                </ns5:Fee>
                <ns5:TaxSummary>
                    <ns5:Tax>
                        <ns5:Amount CurCode="EUR">12.72</ns5:Amount>
                        <ns5:TaxCode>GENERAL_TAXES_PAX_1</ns5:TaxCode>
                        <ns5:TaxName>Taxes - PAX1</ns5:TaxName>
                    </ns5:Tax>
                    <ns5:Tax>
                        <ns5:Amount CurCode="EUR">12.72</ns5:Amount>
                        <ns5:TaxCode>GENERAL_TAXES_PAX_2</ns5:TaxCode>
                        <ns5:TaxName>Taxes - PAX2</ns5:TaxName>
                    </ns5:Tax>
                    <ns5:TotalTaxAmount CurCode="EUR">25.45</ns5:TotalTaxAmount>
                </ns5:TaxSummary>
                <ns5:TotalAmount CurCode="EUR">126.07</ns5:TotalAmount>
            </ns5:TotalPrice>
        </ns5:Order>
        <ns5:TicketDocInfo>
            <ns5:BookingRef>
                <ns5:BookingEntity>
                    <ns5:Carrier>
                        <ns5:AirlineDesigCode>TA</ns5:AirlineDesigCode>
                    </ns5:Carrier>
                </ns5:BookingEntity>
                <ns5:BookingID>3IAXU6</ns5:BookingID>
            </ns5:BookingRef>
            <ns5:PaxRefID>PAX1</ns5:PaxRefID>
            <ns5:PaymentInfoRefID>PAY1</ns5:PaymentInfoRefID>
            <ns5:Ticket>
                <ns5:Coupon>
                    <ns5:CouponNumber>1</ns5:CouponNumber>
                    <ns5:CouponStatusCode>I</ns5:CouponStatusCode>
                </ns5:Coupon>
                <ns5:ReportingTypeCode>BSP</ns5:ReportingTypeCode>
                <ns5:TicketDocTypeCode>T</ns5:TicketDocTypeCode>
                <ns5:TicketNumber>2022476293693</ns5:TicketNumber>
            </ns5:Ticket>
        </ns5:TicketDocInfo>
        <ns5:TicketDocInfo>
            <ns5:BookingRef>
                <ns5:BookingEntity>
                    <ns5:Carrier>
                        <ns5:AirlineDesigCode>TA</ns5:AirlineDesigCode>
                    </ns5:Carrier>
                </ns5:BookingEntity>
                <ns5:BookingID>3IAXU6</ns5:BookingID>
            </ns5:BookingRef>
            <ns5:PaxRefID>PAX2</ns5:PaxRefID>
            <ns5:PaymentInfoRefID>PAY1</ns5:PaymentInfoRefID>
            <ns5:Ticket>
                <ns5:Coupon>
                    <ns5:CouponNumber>1</ns5:CouponNumber>
                    <ns5:CouponStatusCode>I</ns5:CouponStatusCode>
                </ns5:Coupon>
                <ns5:ReportingTypeCode>BSP</ns5:ReportingTypeCode>
                <ns5:TicketDocTypeCode>T</ns5:TicketDocTypeCode>
                <ns5:TicketNumber>2022476293692</ns5:TicketNumber>
            </ns5:Ticket>
        </ns5:TicketDocInfo>
    </ns5:Response>
    <ns5:PayloadAttributes>
        <ns5:CorrelationID>102e3cac-aa0f-3a92-a506-1a82173cb0da</ns5:CorrelationID>
        <ns5:Timestamp>2024-04-05T14:43:04.572+02:00</ns5:Timestamp>
        <ns5:VersionNumber>19.2</ns5:VersionNumber>
    </ns5:PayloadAttributes>
    <ns5:PaymentFunctions>
        <ns5:PaymentProcessingSummary>
            <ns5:Amount CurCode="EUR">126.06852400000000000000</ns5:Amount>
            <ns5:PaymentID>PAY1</ns5:PaymentID>
            <ns5:PaymentMethod>
                <ns5:Cash/>
            </ns5:PaymentMethod>
            <ns5:TypeCode>Cash</ns5:TypeCode>
        </ns5:PaymentProcessingSummary>
    </ns5:PaymentFunctions>
</ns5:IATA_OrderViewRS>