<soap:Envelope xmlns:soap="http://schemas.xmlsoap.org/soap/envelope/">
    <soap:Header>
        <ns2:Control xmlns:ns16="http://www.iata.org/IATA/2015/00/2019.2/IATA_OfferPriceRS" xmlns:ns15="http://www.iata.org/IATA/2015/00/2019.2/IATA_OfferPriceRQ" xmlns:ns14="http://www.iata.org/IATA/2015/00/2019.2/IATA_OrderReshopRS" xmlns:ns13="http://www.iata.org/IATA/2015/00/2019.2/IATA_OrderReshopRQ" xmlns:ns12="http://www.iata.org/IATA/2015/00/2019.2/IATA_OrderCreateRQ" xmlns:ns11="http://www.iata.org/IATA/2015/00/2019.2/IATA_AirShoppingRS" xmlns:ns10="http://www.iata.org/IATA/2015/00/2019.2/IATA_AirShoppingRQ" xmlns:ns9="http://www.travelsoft.fr/orchestra/ndc/login" xmlns:ns8="http://www.iata.org/IATA/2015/00/2019.2/IATA_OrderChangeRQ" xmlns:ns7="http://www.iata.org/IATA/2015/00/2019.2/IATA_OrderViewRS" xmlns:ns6="http://www.iata.org/IATA/2015/00/2019.2/IATA_OrderRetrieveRQ" xmlns:ns5="http://www.iata.org/IATA/2015/00/2019.2/IATA_ServiceListRS" xmlns:ns4="http://www.iata.org/IATA/2015/00/2019.2/IATA_ServiceListRQ" xmlns:ns3="http://www.iata.org/IATA/2015/00/2019.2/IATA_OrderCancelRS" xmlns:ns2="http://www.travelsoft.fr/orchestra/ndc/headers" xmlns="http://www.iata.org/IATA/2015/00/2019.2/IATA_OrderCancelRQ" Provider="AIRFRANCE" EnvironmentTarget="Test" ApiVersion="1.0"/>
    </soap:Header>
    <soap:Body>
        <ns10:IATA_AirShoppingRQ xmlns="http://www.iata.org/IATA/2015/00/2019.2/IATA_OrderCancelRQ" xmlns:ns2="http://www.travelsoft.fr/orchestra/ndc/headers" xmlns:ns3="http://www.iata.org/IATA/2015/00/2019.2/IATA_OrderCancelRS" xmlns:ns4="http://www.iata.org/IATA/2015/00/2019.2/IATA_ServiceListRQ" xmlns:ns5="http://www.iata.org/IATA/2015/00/2019.2/IATA_ServiceListRS" xmlns:ns6="http://www.iata.org/IATA/2015/00/2019.2/IATA_OrderRetrieveRQ" xmlns:ns7="http://www.iata.org/IATA/2015/00/2019.2/IATA_OrderViewRS" xmlns:ns8="http://www.iata.org/IATA/2015/00/2019.2/IATA_OrderChangeRQ" xmlns:ns9="http://www.travelsoft.fr/orchestra/ndc/login" xmlns:ns10="http://www.iata.org/IATA/2015/00/2019.2/IATA_AirShoppingRQ" xmlns:ns11="http://www.iata.org/IATA/2015/00/2019.2/IATA_AirShoppingRS" xmlns:ns12="http://www.iata.org/IATA/2015/00/2019.2/IATA_OrderCreateRQ" xmlns:ns13="http://www.iata.org/IATA/2015/00/2019.2/IATA_OrderReshopRQ" xmlns:ns14="http://www.iata.org/IATA/2015/00/2019.2/IATA_OrderReshopRS" xmlns:ns15="http://www.iata.org/IATA/2015/00/2019.2/IATA_OfferPriceRQ" xmlns:ns16="http://www.iata.org/IATA/2015/00/2019.2/IATA_OfferPriceRS">
            <ns10:Party>
                <ns10:Sender>
                    <ns10:TravelAgency>
                        <ns10:AgencyID>APG_JORDAN</ns10:AgencyID>
                    </ns10:TravelAgency>
                </ns10:Sender>
            </ns10:Party>
            <ns10:PayloadAttributes>
                <ns10:CorrelationID>ded13b93-d2ef-3c3b-8ea8-0bb7f4c1a4fd</ns10:CorrelationID>
                <ns10:PrimaryLangID>EN</ns10:PrimaryLangID>
                <ns10:VersionNumber>19.2</ns10:VersionNumber>
            </ns10:PayloadAttributes>
            <ns10:Request>
                <ns10:FlightCriteria>
                    <ns10:OriginDestCriteria>
                        <ns10:DestArrivalCriteria>
                            <ns10:IATA_LocationCode>ROM</ns10:IATA_LocationCode>
                        </ns10:DestArrivalCriteria>
                        <ns10:OriginDepCriteria>
                            <ns10:Date>2021-11-25</ns10:Date>
                            <ns10:IATA_LocationCode>CDG</ns10:IATA_LocationCode>
                        </ns10:OriginDepCriteria>
                        <ns10:OriginDestID>OD1</ns10:OriginDestID>
                    </ns10:OriginDestCriteria>
                </ns10:FlightCriteria>
                <ns10:Paxs>
                    <ns10:Pax>
                        <ns10:Individual>
                            <ns10:GenderCode>M</ns10:GenderCode>
                            <ns10:GivenName>EXPLORER</ns10:GivenName>
                            <ns10:IndividualID>IND1</ns10:IndividualID>
                            <ns10:Surname>FLYINGBLUE</ns10:Surname>
                            <ns10:TitleName>MR</ns10:TitleName>
                        </ns10:Individual>
                        <ns10:LoyaltyProgramAccount>
                            <ns10:AccountNumber>2083488723</ns10:AccountNumber>
                            <ns10:LoyaltyProgram>
                                <ns10:ProgramCode>FB</ns10:ProgramCode>
                            </ns10:LoyaltyProgram>
                        </ns10:LoyaltyProgramAccount>
                        <ns10:PaxID>PAX1</ns10:PaxID>
                        <ns10:PTC>ADT</ns10:PTC>
                    </ns10:Pax>
                </ns10:Paxs>
                <ns10:ResponseParameters>
                    <ns10:CurParameter>
                        <ns10:RequestedCurCode>EUR</ns10:RequestedCurCode>
                    </ns10:CurParameter>
                    <ns10:LangUsage>
                        <ns10:LangCode>en</ns10:LangCode>
                    </ns10:LangUsage>
                </ns10:ResponseParameters>
                <ns10:ShoppingCriteria>
                    <ns10:CabinTypeCriteria>
                        <ns10:CabinTypeName>ECONOMY</ns10:CabinTypeName>
                    </ns10:CabinTypeCriteria>
                </ns10:ShoppingCriteria>
            </ns10:Request>
        </ns10:IATA_AirShoppingRQ>
    </soap:Body>
</soap:Envelope>
