<soap:Envelope xmlns:soap="http://schemas.xmlsoap.org/soap/envelope/">
    <soap:Header>
        <ns2:Control xmlns:ns16="http://www.iata.org/IATA/2015/00/2019.2/IATA_OfferPriceRS" xmlns:ns15="http://www.iata.org/IATA/2015/00/2019.2/IATA_OfferPriceRQ" xmlns:ns14="http://www.iata.org/IATA/2015/00/2019.2/IATA_OrderReshopRS" xmlns:ns13="http://www.iata.org/IATA/2015/00/2019.2/IATA_OrderReshopRQ" xmlns:ns12="http://www.iata.org/IATA/2015/00/2019.2/IATA_OrderCreateRQ" xmlns:ns11="http://www.iata.org/IATA/2015/00/2019.2/IATA_AirShoppingRS" xmlns:ns10="http://www.iata.org/IATA/2015/00/2019.2/IATA_AirShoppingRQ" xmlns:ns9="http://www.travelsoft.fr/orchestra/ndc/login" xmlns:ns8="http://www.iata.org/IATA/2015/00/2019.2/IATA_OrderChangeRQ" xmlns:ns7="http://www.iata.org/IATA/2015/00/2019.2/IATA_OrderViewRS" xmlns:ns6="http://www.iata.org/IATA/2015/00/2019.2/IATA_OrderRetrieveRQ" xmlns:ns5="http://www.iata.org/IATA/2015/00/2019.2/IATA_ServiceListRS" xmlns:ns4="http://www.iata.org/IATA/2015/00/2019.2/IATA_ServiceListRQ" xmlns:ns3="http://www.iata.org/IATA/2015/00/2019.2/IATA_OrderCancelRS" xmlns:ns2="http://www.travelsoft.fr/orchestra/ndc/headers" xmlns="http://www.iata.org/IATA/2015/00/2019.2/IATA_OrderCancelRQ" Provider="AIRFRANCE" EnvironmentTarget="Test" ApiVersion="1.0"/>
    </soap:Header>
    <soap:Body>
        <ns15:IATA_OfferPriceRQ xmlns="http://www.iata.org/IATA/2015/00/2019.2/IATA_OrderCancelRQ" xmlns:ns2="http://www.travelsoft.fr/orchestra/ndc/headers" xmlns:ns3="http://www.iata.org/IATA/2015/00/2019.2/IATA_OrderCancelRS" xmlns:ns4="http://www.iata.org/IATA/2015/00/2019.2/IATA_ServiceListRQ" xmlns:ns5="http://www.iata.org/IATA/2015/00/2019.2/IATA_ServiceListRS" xmlns:ns6="http://www.iata.org/IATA/2015/00/2019.2/IATA_OrderRetrieveRQ" xmlns:ns7="http://www.iata.org/IATA/2015/00/2019.2/IATA_OrderViewRS" xmlns:ns8="http://www.iata.org/IATA/2015/00/2019.2/IATA_OrderChangeRQ" xmlns:ns9="http://www.travelsoft.fr/orchestra/ndc/login" xmlns:ns10="http://www.iata.org/IATA/2015/00/2019.2/IATA_AirShoppingRQ" xmlns:ns11="http://www.iata.org/IATA/2015/00/2019.2/IATA_AirShoppingRS" xmlns:ns12="http://www.iata.org/IATA/2015/00/2019.2/IATA_OrderCreateRQ" xmlns:ns13="http://www.iata.org/IATA/2015/00/2019.2/IATA_OrderReshopRQ" xmlns:ns14="http://www.iata.org/IATA/2015/00/2019.2/IATA_OrderReshopRS" xmlns:ns15="http://www.iata.org/IATA/2015/00/2019.2/IATA_OfferPriceRQ" xmlns:ns16="http://www.iata.org/IATA/2015/00/2019.2/IATA_OfferPriceRS">
            <ns15:Party>
                <ns15:Sender>
                    <ns15:TravelAgency>
                        <ns15:AgencyID>APG_JORDAN</ns15:AgencyID>
                    </ns15:TravelAgency>
                </ns15:Sender>
            </ns15:Party>
            <ns15:PayloadAttributes>
                <ns15:CorrelationID>ded13b93-d2ef-3c3b-8ea8-0bb7f4c1a4fd</ns15:CorrelationID>
                <ns15:PrimaryLangID>EN</ns15:PrimaryLangID>
                <ns15:VersionNumber>19.2</ns15:VersionNumber>
            </ns15:PayloadAttributes>
            <ns15:Request>
                <ns15:DataLists>
                    <ns15:PaxList>
                        <ns15:Pax>
                            <ns15:Individual>
                                <ns15:GenderCode>M</ns15:GenderCode>
                                <ns15:GivenName>EXPLORER</ns15:GivenName>
                                <ns15:IndividualID>IND1</ns15:IndividualID>
                                <ns15:Surname>FLYINGBLUE</ns15:Surname>
                                <ns15:TitleName>MR</ns15:TitleName>
                            </ns15:Individual>
                            <ns15:LoyaltyProgramAccount>
                                <ns15:AccountNumber>2083488723</ns15:AccountNumber>
                            </ns15:LoyaltyProgramAccount>
                            <ns15:PaxID>PAX1</ns15:PaxID>
                            <ns15:PTC>ADT</ns15:PTC>
                        </ns15:Pax>
                    </ns15:PaxList>
                </ns15:DataLists>
                <ns15:OfferPriceParameters>
                    <ns15:CurParameter/>
                </ns15:OfferPriceParameters>
                <ns15:PricedOffer>
                    <ns15:SelectedOffer>
                        <ns15:OfferRefID>c67e0555-4add-4dcd-be07-b2aae5f2a060</ns15:OfferRefID>
                        <ns15:OwnerCode>AF</ns15:OwnerCode>
                        <ns15:SelectedOfferItem>
                            <ns15:OfferItemRefID>2a43ad37-8bf4-4afe-9f6f-ab6bd18ba283</ns15:OfferItemRefID>
                            <ns15:PaxRefID>PAX1</ns15:PaxRefID>
                        </ns15:SelectedOfferItem>
                        <ns15:ShoppingResponseRefID>e0595905-4c9b-4209-acb9-b44de4cc7baf</ns15:ShoppingResponseRefID>
                    </ns15:SelectedOffer>
                </ns15:PricedOffer>
            </ns15:Request>
        </ns15:IATA_OfferPriceRQ>
    </soap:Body>
</soap:Envelope>
