<?xml version='1.0' encoding='UTF-8'?>
<S:Envelope xmlns:S="http://schemas.xmlsoap.org/soap/envelope/">
    <S:Body>
        <ns6:IATA_OfferPriceRS xmlns:ns16="http://www.travelsoft.fr/orchestra/ndc/login" xmlns:ns15="http://www.travelsoft.fr/orchestra/ndc/headers" xmlns:ns14="http://www.iata.org/IATA/2015/00/2019.2/IATA_OrderViewRS" xmlns:ns13="http://www.iata.org/IATA/2015/00/2019.2/IATA_OrderRetrieveRQ" xmlns:ns12="http://www.iata.org/IATA/2015/00/2019.2/IATA_OrderReshopRQ" xmlns:ns11="http://www.iata.org/IATA/2015/00/2019.2/IATA_OrderReshopRS" xmlns:ns10="http://www.iata.org/IATA/2015/00/2019.2/IATA_OrderChangeRQ" xmlns:ns9="http://www.iata.org/IATA/2015/00/2019.2/IATA_OrderCancelRS" xmlns:ns8="http://www.iata.org/IATA/2015/00/2019.2/IATA_AirShoppingRQ" xmlns:ns7="http://www.iata.org/IATA/2015/00/2019.2/IATA_OrderCancelRQ" xmlns:ns6="http://www.iata.org/IATA/2015/00/2019.2/IATA_OfferPriceRS" xmlns:ns5="http://www.iata.org/IATA/2015/00/2019.2/IATA_OrderCreateRQ" xmlns:ns4="http://www.iata.org/IATA/2015/00/2019.2/IATA_AirShoppingRS" xmlns:ns3="http://www.iata.org/IATA/2015/00/2019.2/IATA_ServiceListRQ" xmlns:ns2="http://www.iata.org/IATA/2015/00/2019.2/IATA_ServiceListRS" xmlns="http://www.iata.org/IATA/2015/00/2019.2/IATA_OfferPriceRQ">
            <ns6:Response>
                <ns6:DataLists>
                    <ns6:BaggageAllowanceList>
                        <ns6:BaggageAllowance>
                            <ns6:BaggageAllowanceID>BA2</ns6:BaggageAllowanceID>
                            <ns6:PieceAllowance>
                                <ns6:ApplicablePartyText>Traveler</ns6:ApplicablePartyText>
                                <ns6:TotalQty>1</ns6:TotalQty>
                            </ns6:PieceAllowance>
                            <ns6:TypeCode>Checked</ns6:TypeCode>
                        </ns6:BaggageAllowance>
                    </ns6:BaggageAllowanceList>
                    <ns6:OriginDestList>
                        <ns6:OriginDest>
                            <ns6:DestCode>FCO</ns6:DestCode>
                            <ns6:OriginCode>CDG</ns6:OriginCode>
                            <ns6:OriginDestID>OD1</ns6:OriginDestID>
                            <ns6:PaxJourneyRefID>PJ1</ns6:PaxJourneyRefID>
                        </ns6:OriginDest>
                    </ns6:OriginDestList>
                    <ns6:PaxJourneyList>
                        <ns6:PaxJourney>
                            <ns6:Duration>P0Y0M0DT2H10M0S</ns6:Duration>
                            <ns6:PaxJourneyID>PJ1</ns6:PaxJourneyID>
                            <ns6:PaxSegmentRefID>SEG1</ns6:PaxSegmentRefID>
                        </ns6:PaxJourney>
                    </ns6:PaxJourneyList>
                    <ns6:PaxList>
                        <ns6:Pax>
                            <ns6:LoyaltyProgramAccount>
                                <ns6:AccountNumber>2083488723</ns6:AccountNumber>
                            </ns6:LoyaltyProgramAccount>
                            <ns6:PaxID>PAX1</ns6:PaxID>
                            <ns6:PTC>ADT</ns6:PTC>
                        </ns6:Pax>
                    </ns6:PaxList>
                    <ns6:PaxSegmentList>
                        <ns6:PaxSegment>
                            <ns6:Arrival>
                                <ns6:AircraftScheduledDateTime>2021-11-25T09:10:00</ns6:AircraftScheduledDateTime>
                                <ns6:IATA_LocationCode>FCO</ns6:IATA_LocationCode>
                                <ns6:TerminalName>1</ns6:TerminalName>
                            </ns6:Arrival>
                            <ns6:DatedOperatingLeg>
                                <ns6:Arrival/>
                                <ns6:CarrierAircraftType>
                                    <ns6:CarrierAircraftTypeCode>321</ns6:CarrierAircraftTypeCode>
                                </ns6:CarrierAircraftType>
                                <ns6:Dep/>
                            </ns6:DatedOperatingLeg>
                            <ns6:Dep>
                                <ns6:AircraftScheduledDateTime>2021-11-25T07:00:00</ns6:AircraftScheduledDateTime>
                                <ns6:IATA_LocationCode>CDG</ns6:IATA_LocationCode>
                                <ns6:TerminalName>2F</ns6:TerminalName>
                            </ns6:Dep>
                            <ns6:MarketingCarrierInfo>
                                <ns6:CarrierDesigCode>AF</ns6:CarrierDesigCode>
                                <ns6:MarketingCarrierFlightNumberText>1204</ns6:MarketingCarrierFlightNumberText>
                            </ns6:MarketingCarrierInfo>
                            <ns6:OperatingCarrierInfo>
                                <ns6:CarrierDesigCode>AF</ns6:CarrierDesigCode>
                            </ns6:OperatingCarrierInfo>
                            <ns6:PaxSegmentID>SEG1</ns6:PaxSegmentID>
                        </ns6:PaxSegment>
                    </ns6:PaxSegmentList>
                    <ns6:PriceClassList>
                        <ns6:PriceClass>
                            <ns6:CabinType>
                                <ns6:CabinTypeName>ECONOMY</ns6:CabinTypeName>
                            </ns6:CabinType>
                            <ns6:Desc>
                                <ns6:DescText>1 hand baggage item and 1 accessory only (12 kg total*)</ns6:DescText>
                            </ns6:Desc>
                            <ns6:Desc>
                                <ns6:DescText>Cancellation is not possible</ns6:DescText>
                            </ns6:Desc>
                            <ns6:Desc>
                                <ns6:DescText>Change fee + fare difference</ns6:DescText>
                            </ns6:Desc>
                            <ns6:Desc>
                                <ns6:DescText>No refund if you missed your flight</ns6:DescText>
                            </ns6:Desc>
                            <ns6:Desc>
                                <ns6:DescText>* This applies to flights operated by KLM or Air France. For other airlines, please check the airline's website for baggage rules</ns6:DescText>
                            </ns6:Desc>
                            <ns6:Name>Light</ns6:Name>
                            <ns6:PriceClassID>PC1</ns6:PriceClassID>
                        </ns6:PriceClass>
                    </ns6:PriceClassList>
                </ns6:DataLists>
                <ns6:PaymentFunctions>
                    <ns6:PaymentSupportedMethod>
                        <ns6:TypeCode>Cash</ns6:TypeCode>
                    </ns6:PaymentSupportedMethod>
                </ns6:PaymentFunctions>
                <ns6:PricedOffer>
                    <ns6:BaggageAllowance>
                        <ns6:BaggageAllowanceRefID>BA2</ns6:BaggageAllowanceRefID>
                        <ns6:BaggageFlightAssociations>
                            <ns6:PaxSegmentRefID>SEG1</ns6:PaxSegmentRefID>
                        </ns6:BaggageFlightAssociations>
                        <ns6:PaxJourneyRefID>PJ1</ns6:PaxJourneyRefID>
                        <ns6:PaxRefID>PAX1</ns6:PaxRefID>
                    </ns6:BaggageAllowance>
                    <ns6:JourneyOverview>
                        <ns6:JourneyPriceClass>
                            <ns6:PaxJourneyRefID>PJ1</ns6:PaxJourneyRefID>
                            <ns6:PriceClassRefID>PC1</ns6:PriceClassRefID>
                        </ns6:JourneyPriceClass>
                    </ns6:JourneyOverview>
                    <ns6:OfferID>47782097-02a5-411b-89dd-8b06d0009f30</ns6:OfferID>
                    <ns6:OfferItem>
                        <ns6:FareDetail>
                            <ns6:FareComponent>
                                <ns6:CabinType>
                                    <ns6:CabinTypeCode>M</ns6:CabinTypeCode>
                                    <ns6:CabinTypeName>ECONOMY</ns6:CabinTypeName>
                                </ns6:CabinType>
                                <ns6:FareBasisCode>GS50BALG</ns6:FareBasisCode>
                                <ns6:PaxSegmentRefID>SEG1</ns6:PaxSegmentRefID>
                                <ns6:PriceClassRefID>PC1</ns6:PriceClassRefID>
                            </ns6:FareComponent>
                            <ns6:FarePriceType>
                                <ns6:FarePriceTypeCode>70J</ns6:FarePriceTypeCode>
                                <ns6:Price>
                                    <ns6:BaseAmount CurCode="EUR">33.00000000000000000000</ns6:BaseAmount>
                                    <ns6:TaxSummary>
                                        <ns6:Tax>
                                            <ns6:Amount CurCode="EUR">31.02000000000000000000</ns6:Amount>
                                            <ns6:TaxCode>GENERAL_TAXES_PAX_1</ns6:TaxCode>
                                            <ns6:TaxName>Taxes - PAX1</ns6:TaxName>
                                        </ns6:Tax>
                                        <ns6:TotalTaxAmount CurCode="EUR">31.02000000000000000000</ns6:TotalTaxAmount>
                                    </ns6:TaxSummary>
                                    <ns6:TotalAmount CurCode="EUR">64.02000000000000000000</ns6:TotalAmount>
                                </ns6:Price>
                            </ns6:FarePriceType>
                            <ns6:PaxRefID>PAX1</ns6:PaxRefID>
                        </ns6:FareDetail>
                        <ns6:OfferItemID>8e9f9b9b-ce81-4726-87e9-d51c59812b00</ns6:OfferItemID>
                        <ns6:Price>
                            <ns6:BaseAmount CurCode="EUR">33.00000000000000000000</ns6:BaseAmount>
                            <ns6:TotalAmount CurCode="EUR">64.02000000000000000000</ns6:TotalAmount>
                        </ns6:Price>
                        <ns6:Service>
                            <ns6:PaxRefID>PAX1</ns6:PaxRefID>
                            <ns6:ServiceAssociations>
                                <ns6:PaxJourneyRefID>PJ1</ns6:PaxJourneyRefID>
                            </ns6:ServiceAssociations>
                            <ns6:ServiceID>SV23</ns6:ServiceID>
                        </ns6:Service>
                    </ns6:OfferItem>
                    <ns6:OfferItem>
                        <ns6:OfferItemID>63f0bd1f-36ae-4216-b6ea-9734376f4cfa</ns6:OfferItemID>
                        <ns6:Price>
                            <ns6:BaseAmount CurCode="EUR">30.00</ns6:BaseAmount>
                            <ns6:TotalAmount CurCode="EUR">30.00</ns6:TotalAmount>
                        </ns6:Price>
                        <ns6:Service>
                            <ns6:PaxRefID>PAX1</ns6:PaxRefID>
                            <ns6:ServiceAssociations>
                                <ns6:PaxJourneyRefID>PJ1</ns6:PaxJourneyRefID>
                            </ns6:ServiceAssociations>
                            <ns6:ServiceID>SV24</ns6:ServiceID>
                        </ns6:Service>
                    </ns6:OfferItem>
                    <ns6:OwnerCode>AF</ns6:OwnerCode>
                    <ns6:TotalPrice>
                        <ns6:BaseAmount CurCode="EUR">63.00000000000000000000</ns6:BaseAmount>
                        <ns6:TaxSummary>
                            <ns6:Tax>
                                <ns6:Amount CurCode="EUR">31.02000000000000000000</ns6:Amount>
                                <ns6:TaxCode>GENERAL_TAXES_PAX_1</ns6:TaxCode>
                                <ns6:TaxName>Taxes - PAX1</ns6:TaxName>
                            </ns6:Tax>
                            <ns6:TotalTaxAmount CurCode="EUR">31.02000000000000000000</ns6:TotalTaxAmount>
                        </ns6:TaxSummary>
                        <ns6:TotalAmount CurCode="EUR">94.02000000000000000000</ns6:TotalAmount>
                    </ns6:TotalPrice>
                </ns6:PricedOffer>
                <ns6:ShoppingResponse>
                    <ns6:ShoppingResponseRefID>e0595905-4c9b-4209-acb9-b44de4cc7baf</ns6:ShoppingResponseRefID>
                </ns6:ShoppingResponse>
            </ns6:Response>
            <ns6:PayloadAttributes>
                <ns6:CorrelationID>ded13b93-d2ef-3c3b-8ea8-0bb7f4c1a4fd</ns6:CorrelationID>
                <ns6:Timestamp>2021-07-28T17:36:00.836+02:00</ns6:Timestamp>
                <ns6:VersionNumber>19.2</ns6:VersionNumber>
            </ns6:PayloadAttributes>
        </ns6:IATA_OfferPriceRS>
    </S:Body>
</S:Envelope>
