<soap:Envelope xmlns:soap="http://schemas.xmlsoap.org/soap/envelope/">
    <soap:Header>
        <ns2:Control xmlns:ns16="http://www.iata.org/IATA/2015/00/2019.2/IATA_OfferPriceRS" xmlns:ns15="http://www.iata.org/IATA/2015/00/2019.2/IATA_OfferPriceRQ" xmlns:ns14="http://www.iata.org/IATA/2015/00/2019.2/IATA_OrderReshopRS" xmlns:ns13="http://www.iata.org/IATA/2015/00/2019.2/IATA_OrderReshopRQ" xmlns:ns12="http://www.iata.org/IATA/2015/00/2019.2/IATA_OrderCreateRQ" xmlns:ns11="http://www.iata.org/IATA/2015/00/2019.2/IATA_AirShoppingRS" xmlns:ns10="http://www.iata.org/IATA/2015/00/2019.2/IATA_AirShoppingRQ" xmlns:ns9="http://www.travelsoft.fr/orchestra/ndc/login" xmlns:ns8="http://www.iata.org/IATA/2015/00/2019.2/IATA_OrderChangeRQ" xmlns:ns7="http://www.iata.org/IATA/2015/00/2019.2/IATA_OrderViewRS" xmlns:ns6="http://www.iata.org/IATA/2015/00/2019.2/IATA_OrderRetrieveRQ" xmlns:ns5="http://www.iata.org/IATA/2015/00/2019.2/IATA_ServiceListRS" xmlns:ns4="http://www.iata.org/IATA/2015/00/2019.2/IATA_ServiceListRQ" xmlns:ns3="http://www.iata.org/IATA/2015/00/2019.2/IATA_OrderCancelRS" xmlns:ns2="http://www.travelsoft.fr/orchestra/ndc/headers" xmlns="http://www.iata.org/IATA/2015/00/2019.2/IATA_OrderCancelRQ" Provider="AIRFRANCE" EnvironmentTarget="Test" ApiVersion="1.0"/>
    </soap:Header>
    <soap:Body>
        <ns4:IATA_ServiceListRQ xmlns="http://www.iata.org/IATA/2015/00/2019.2/IATA_OrderCancelRQ" xmlns:ns2="http://www.travelsoft.fr/orchestra/ndc/headers" xmlns:ns3="http://www.iata.org/IATA/2015/00/2019.2/IATA_OrderCancelRS" xmlns:ns4="http://www.iata.org/IATA/2015/00/2019.2/IATA_ServiceListRQ" xmlns:ns5="http://www.iata.org/IATA/2015/00/2019.2/IATA_ServiceListRS" xmlns:ns6="http://www.iata.org/IATA/2015/00/2019.2/IATA_OrderRetrieveRQ" xmlns:ns7="http://www.iata.org/IATA/2015/00/2019.2/IATA_OrderViewRS" xmlns:ns8="http://www.iata.org/IATA/2015/00/2019.2/IATA_OrderChangeRQ" xmlns:ns9="http://www.travelsoft.fr/orchestra/ndc/login" xmlns:ns10="http://www.iata.org/IATA/2015/00/2019.2/IATA_AirShoppingRQ" xmlns:ns11="http://www.iata.org/IATA/2015/00/2019.2/IATA_AirShoppingRS" xmlns:ns12="http://www.iata.org/IATA/2015/00/2019.2/IATA_OrderCreateRQ" xmlns:ns13="http://www.iata.org/IATA/2015/00/2019.2/IATA_OrderReshopRQ" xmlns:ns14="http://www.iata.org/IATA/2015/00/2019.2/IATA_OrderReshopRS" xmlns:ns15="http://www.iata.org/IATA/2015/00/2019.2/IATA_OfferPriceRQ" xmlns:ns16="http://www.iata.org/IATA/2015/00/2019.2/IATA_OfferPriceRS">
            <ns4:Party>
                <ns4:Sender>
                    <ns4:TravelAgency>
                        <ns4:AgencyID>APG_JORDAN</ns4:AgencyID>
                    </ns4:TravelAgency>
                </ns4:Sender>
            </ns4:Party>
            <ns4:PayloadAttributes>
                <ns4:CorrelationID>ded13b93-d2ef-3c3b-8ea8-0bb7f4c1a4fd</ns4:CorrelationID>
                <ns4:PrimaryLangID>EN</ns4:PrimaryLangID>
                <ns4:VersionNumber>19.2</ns4:VersionNumber>
            </ns4:PayloadAttributes>
            <ns4:Request>
                <ns4:CoreRequest>
                    <ns4:Offer>
                        <ns4:OfferID>47782097-02a5-411b-89dd-8b06d0009f30</ns4:OfferID>
                        <ns4:OfferItem>
                            <ns4:OfferItemID>8e9f9b9b-ce81-4726-87e9-d51c59812b00</ns4:OfferItemID>
                            <ns4:OwnerCode>AF</ns4:OwnerCode>
                        </ns4:OfferItem>
                        <ns4:OfferItem>
                            <ns4:OfferItemID>63f0bd1f-36ae-4216-b6ea-9734376f4cfa</ns4:OfferItemID>
                            <ns4:OwnerCode>AF</ns4:OwnerCode>
                        </ns4:OfferItem>
                        <ns4:OwnerCode>AF</ns4:OwnerCode>
                    </ns4:Offer>
                </ns4:CoreRequest>
                <ns4:Pax>
                    <ns4:Individual>
                        <ns4:GenderCode>M</ns4:GenderCode>
                        <ns4:GivenName>EXPLORER</ns4:GivenName>
                        <ns4:IndividualID>IND1</ns4:IndividualID>
                        <ns4:Surname>FLYINGBLUE</ns4:Surname>
                        <ns4:TitleName>MR</ns4:TitleName>
                    </ns4:Individual>
                    <ns4:LoyaltyProgramAccount>
                        <ns4:AccountNumber>2083488723</ns4:AccountNumber>
                        <ns4:LoyaltyProgram>
                            <ns4:ProgramCode>FB</ns4:ProgramCode>
                        </ns4:LoyaltyProgram>
                    </ns4:LoyaltyProgramAccount>
                    <ns4:PaxID>PAX1</ns4:PaxID>
                    <ns4:PTC>ADT</ns4:PTC>
                </ns4:Pax>
                <ns4:ResponseParameters>
                    <ns4:CurParameter>
                        <ns4:RequestedCurCode>EUR</ns4:RequestedCurCode>
                    </ns4:CurParameter>
                    <ns4:LangUsage>
                        <ns4:LangCode>en</ns4:LangCode>
                    </ns4:LangUsage>
                </ns4:ResponseParameters>
                <ns4:ShoppingResponse>
                    <ns4:OwnerCode>AF</ns4:OwnerCode>
                    <ns4:ShoppingResponseRefID>e0595905-4c9b-4209-acb9-b44de4cc7baf</ns4:ShoppingResponseRefID>
                </ns4:ShoppingResponse>
            </ns4:Request>
        </ns4:IATA_ServiceListRQ>
    </soap:Body>
</soap:Envelope>

