<?xml version='1.0' encoding='UTF-8'?>
<S:Envelope xmlns:S="http://schemas.xmlsoap.org/soap/envelope/">
    <S:Body>
        <ns2:IATA_ServiceListRS xmlns:ns16="http://www.travelsoft.fr/orchestra/ndc/login" xmlns:ns15="http://www.travelsoft.fr/orchestra/ndc/headers" xmlns:ns14="http://www.iata.org/IATA/2015/00/2019.2/IATA_OrderViewRS" xmlns:ns13="http://www.iata.org/IATA/2015/00/2019.2/IATA_OrderRetrieveRQ" xmlns:ns12="http://www.iata.org/IATA/2015/00/2019.2/IATA_OrderReshopRQ" xmlns:ns11="http://www.iata.org/IATA/2015/00/2019.2/IATA_OrderReshopRS" xmlns:ns10="http://www.iata.org/IATA/2015/00/2019.2/IATA_OrderChangeRQ" xmlns:ns9="http://www.iata.org/IATA/2015/00/2019.2/IATA_OrderCancelRS" xmlns:ns8="http://www.iata.org/IATA/2015/00/2019.2/IATA_AirShoppingRQ" xmlns:ns7="http://www.iata.org/IATA/2015/00/2019.2/IATA_OrderCancelRQ" xmlns:ns6="http://www.iata.org/IATA/2015/00/2019.2/IATA_OfferPriceRS" xmlns:ns5="http://www.iata.org/IATA/2015/00/2019.2/IATA_OrderCreateRQ" xmlns:ns4="http://www.iata.org/IATA/2015/00/2019.2/IATA_AirShoppingRS" xmlns:ns3="http://www.iata.org/IATA/2015/00/2019.2/IATA_ServiceListRQ" xmlns:ns2="http://www.iata.org/IATA/2015/00/2019.2/IATA_ServiceListRS" xmlns="http://www.iata.org/IATA/2015/00/2019.2/IATA_OfferPriceRQ">
            <ns2:Error>
                <ns2:Code>490</ns2:Code>
                <ns2:DescText>Unable to retrieve offer</ns2:DescText>
                <ns2:LangCode>en</ns2:LangCode>
                <ns2:OwnerName>ORCHESTRA</ns2:OwnerName>
            </ns2:Error>
            <ns2:PayloadAttributes>
                <ns2:CorrelationID>ded13b93-d2ef-3c3b-8ea8-0bb7f4c1a4fd</ns2:CorrelationID>
                <ns2:Timestamp>2021-07-28T17:36:00.997+02:00</ns2:Timestamp>
                <ns2:VersionNumber>19.2</ns2:VersionNumber>
            </ns2:PayloadAttributes>
        </ns2:IATA_ServiceListRS>
    </S:Body>
</S:Envelope>
