<soap:Envelope xmlns:soap="http://schemas.xmlsoap.org/soap/envelope/">
    <soap:Header>
        <ns2:Control xmlns:ns16="http://www.iata.org/IATA/2015/00/2019.2/IATA_OfferPriceRS" xmlns:ns15="http://www.iata.org/IATA/2015/00/2019.2/IATA_OfferPriceRQ" xmlns:ns14="http://www.iata.org/IATA/2015/00/2019.2/IATA_OrderReshopRS" xmlns:ns13="http://www.iata.org/IATA/2015/00/2019.2/IATA_OrderReshopRQ" xmlns:ns12="http://www.iata.org/IATA/2015/00/2019.2/IATA_OrderCreateRQ" xmlns:ns11="http://www.iata.org/IATA/2015/00/2019.2/IATA_AirShoppingRS" xmlns:ns10="http://www.iata.org/IATA/2015/00/2019.2/IATA_AirShoppingRQ" xmlns:ns9="http://www.travelsoft.fr/orchestra/ndc/login" xmlns:ns8="http://www.iata.org/IATA/2015/00/2019.2/IATA_OrderChangeRQ" xmlns:ns7="http://www.iata.org/IATA/2015/00/2019.2/IATA_OrderViewRS" xmlns:ns6="http://www.iata.org/IATA/2015/00/2019.2/IATA_OrderRetrieveRQ" xmlns:ns5="http://www.iata.org/IATA/2015/00/2019.2/IATA_ServiceListRS" xmlns:ns4="http://www.iata.org/IATA/2015/00/2019.2/IATA_ServiceListRQ" xmlns:ns3="http://www.iata.org/IATA/2015/00/2019.2/IATA_OrderCancelRS" xmlns:ns2="http://www.travelsoft.fr/orchestra/ndc/headers" xmlns="http://www.iata.org/IATA/2015/00/2019.2/IATA_OrderCancelRQ" Provider="AIRFRANCE" EnvironmentTarget="Test" ApiVersion="1.0"/>
    </soap:Header>
    <soap:Body>
        <ns12:IATA_OrderCreateRQ xmlns="http://www.iata.org/IATA/2015/00/2019.2/IATA_OrderCancelRQ" xmlns:ns2="http://www.travelsoft.fr/orchestra/ndc/headers" xmlns:ns3="http://www.iata.org/IATA/2015/00/2019.2/IATA_OrderCancelRS" xmlns:ns4="http://www.iata.org/IATA/2015/00/2019.2/IATA_ServiceListRQ" xmlns:ns5="http://www.iata.org/IATA/2015/00/2019.2/IATA_ServiceListRS" xmlns:ns6="http://www.iata.org/IATA/2015/00/2019.2/IATA_OrderRetrieveRQ" xmlns:ns7="http://www.iata.org/IATA/2015/00/2019.2/IATA_OrderViewRS" xmlns:ns8="http://www.iata.org/IATA/2015/00/2019.2/IATA_OrderChangeRQ" xmlns:ns9="http://www.travelsoft.fr/orchestra/ndc/login" xmlns:ns10="http://www.iata.org/IATA/2015/00/2019.2/IATA_AirShoppingRQ" xmlns:ns11="http://www.iata.org/IATA/2015/00/2019.2/IATA_AirShoppingRS" xmlns:ns12="http://www.iata.org/IATA/2015/00/2019.2/IATA_OrderCreateRQ" xmlns:ns13="http://www.iata.org/IATA/2015/00/2019.2/IATA_OrderReshopRQ" xmlns:ns14="http://www.iata.org/IATA/2015/00/2019.2/IATA_OrderReshopRS" xmlns:ns15="http://www.iata.org/IATA/2015/00/2019.2/IATA_OfferPriceRQ" xmlns:ns16="http://www.iata.org/IATA/2015/00/2019.2/IATA_OfferPriceRS">
            <ns12:Party>
                <ns12:Sender>
                    <ns12:TravelAgency>
                        <ns12:AgencyID>APG_JORDAN</ns12:AgencyID>
                    </ns12:TravelAgency>
                </ns12:Sender>
            </ns12:Party>
            <ns12:PayloadAttributes>
                <ns12:CorrelationID>ded13b93-d2ef-3c3b-8ea8-0bb7f4c1a4fd</ns12:CorrelationID>
                <ns12:PrimaryLangID>EN</ns12:PrimaryLangID>
                <ns12:VersionNumber>19.2</ns12:VersionNumber>
            </ns12:PayloadAttributes>
            <ns12:Request>
                <ns12:CreateOrder>
                    <ns12:SelectedOffer>
                        <ns12:OfferRefID>1c1194ad-7ec6-461c-ba89-393b3075d27f</ns12:OfferRefID>
                        <ns12:OwnerCode>AF</ns12:OwnerCode>
                        <ns12:SelectedOfferItem>
                            <ns12:OfferItemRefID>189772dd-1fa1-44a1-b735-51bb8c69ffa5</ns12:OfferItemRefID>
                            <ns12:PaxRefID>PAX1</ns12:PaxRefID>
                        </ns12:SelectedOfferItem>
                        <ns12:ShoppingResponseRefID>e0595905-4c9b-4209-acb9-b44de4cc7baf</ns12:ShoppingResponseRefID>
                    </ns12:SelectedOffer>
                </ns12:CreateOrder>
                <ns12:DataLists>
                    <ns12:ContactInfoList>
                        <ns12:ContactInfo>
                            <ns12:ContactInfoID>CONT1</ns12:ContactInfoID>
                            <ns12:EmailAddress>
                                <ns12:EmailAddressText>florian.garnier@orchestra.eu</ns12:EmailAddressText>
                            </ns12:EmailAddress>
                            <ns12:Phone>
                                <ns12:AreaCodeNumber/>
                                <ns12:CountryDialingCode>33</ns12:CountryDialingCode>
                                <ns12:PhoneNumber>0622761972</ns12:PhoneNumber>
                            </ns12:Phone>
                            <ns12:PostalAddress>
                                <ns12:CityName>Paris</ns12:CityName>
                                <ns12:CountryCode>FR</ns12:CountryCode>
                                <ns12:PostalCode>75002</ns12:PostalCode>
                                <ns12:StreetText>38 av op&amp;eacute;ra</ns12:StreetText>
                            </ns12:PostalAddress>
                        </ns12:ContactInfo>
                    </ns12:ContactInfoList>
                    <ns12:PaxList>
                        <ns12:Pax>
                            <ns12:Birthdate>1986-01-01</ns12:Birthdate>
                            <ns12:ContactInfoRefID>CONT1</ns12:ContactInfoRefID>
                            <ns12:Individual>
                                <ns12:Birthdate>1986-01-01</ns12:Birthdate>
                                <ns12:GenderCode>M</ns12:GenderCode>
                                <ns12:GivenName>EXPLORER</ns12:GivenName>
                                <ns12:IndividualID>IND1</ns12:IndividualID>
                                <ns12:Surname>FLYINGBLUE</ns12:Surname>
                                <ns12:TitleName>MR</ns12:TitleName>
                            </ns12:Individual>
                            <ns12:LoyaltyProgramAccount>
                                <ns12:AccountNumber>2083488723</ns12:AccountNumber>
                                <ns12:LoyaltyProgram>
                                    <ns12:ProgramCode>FB</ns12:ProgramCode>
                                </ns12:LoyaltyProgram>
                            </ns12:LoyaltyProgramAccount>
                            <ns12:PaxID>PAX1</ns12:PaxID>
                            <ns12:PTC>ADT</ns12:PTC>
                        </ns12:Pax>
                    </ns12:PaxList>
                </ns12:DataLists>
            </ns12:Request>
        </ns12:IATA_OrderCreateRQ>
    </soap:Body>
</soap:Envelope>
