<?xml version='1.0' encoding='UTF-8'?>
<S:Envelope xmlns:S="http://schemas.xmlsoap.org/soap/envelope/">
    <S:Body>
        <ns14:IATA_OrderViewRS xmlns:ns16="http://www.travelsoft.fr/orchestra/ndc/login" xmlns:ns15="http://www.travelsoft.fr/orchestra/ndc/headers" xmlns:ns14="http://www.iata.org/IATA/2015/00/2019.2/IATA_OrderViewRS" xmlns:ns13="http://www.iata.org/IATA/2015/00/2019.2/IATA_OrderRetrieveRQ" xmlns:ns12="http://www.iata.org/IATA/2015/00/2019.2/IATA_OrderReshopRQ" xmlns:ns11="http://www.iata.org/IATA/2015/00/2019.2/IATA_OrderReshopRS" xmlns:ns10="http://www.iata.org/IATA/2015/00/2019.2/IATA_OrderChangeRQ" xmlns:ns9="http://www.iata.org/IATA/2015/00/2019.2/IATA_OrderCancelRS" xmlns:ns8="http://www.iata.org/IATA/2015/00/2019.2/IATA_AirShoppingRQ" xmlns:ns7="http://www.iata.org/IATA/2015/00/2019.2/IATA_OrderCancelRQ" xmlns:ns6="http://www.iata.org/IATA/2015/00/2019.2/IATA_OfferPriceRS" xmlns:ns5="http://www.iata.org/IATA/2015/00/2019.2/IATA_OrderCreateRQ" xmlns:ns4="http://www.iata.org/IATA/2015/00/2019.2/IATA_AirShoppingRS" xmlns:ns3="http://www.iata.org/IATA/2015/00/2019.2/IATA_ServiceListRQ" xmlns:ns2="http://www.iata.org/IATA/2015/00/2019.2/IATA_ServiceListRS" xmlns="http://www.iata.org/IATA/2015/00/2019.2/IATA_OfferPriceRQ">
            <ns14:Response>
                <ns14:DataLists>
                    <ns14:BaggageAllowanceList>
                        <ns14:BaggageAllowance>
                            <ns14:BaggageAllowanceID>BA2</ns14:BaggageAllowanceID>
                            <ns14:PieceAllowance>
                                <ns14:ApplicablePartyText>Traveler</ns14:ApplicablePartyText>
                                <ns14:TotalQty>1</ns14:TotalQty>
                            </ns14:PieceAllowance>
                            <ns14:TypeCode>Checked</ns14:TypeCode>
                        </ns14:BaggageAllowance>
                    </ns14:BaggageAllowanceList>
                    <ns14:ContactInfoList>
                        <ns14:ContactInfo>
                            <ns14:ContactInfoID>CONT1</ns14:ContactInfoID>
                            <ns14:EmailAddress>
                                <ns14:EmailAddressText>florian.garnier@orchestra.eu</ns14:EmailAddressText>
                            </ns14:EmailAddress>
                            <ns14:Phone>
                                <ns14:PhoneNumber>0622761972</ns14:PhoneNumber>
                            </ns14:Phone>
                            <ns14:PostalAddress>
                                <ns14:CityName>Paris</ns14:CityName>
                                <ns14:CountryCode>FR</ns14:CountryCode>
                                <ns14:PostalCode>75002</ns14:PostalCode>
                                <ns14:StreetText>38 av op&amp;eacute;ra</ns14:StreetText>
                            </ns14:PostalAddress>
                        </ns14:ContactInfo>
                    </ns14:ContactInfoList>
                    <ns14:OriginDestList>
                        <ns14:OriginDest>
                            <ns14:DestCode>ROM</ns14:DestCode>
                            <ns14:OriginCode>PAR</ns14:OriginCode>
                            <ns14:OriginDestID>OD2</ns14:OriginDestID>
                            <ns14:PaxJourneyRefID>PJ7</ns14:PaxJourneyRefID>
                        </ns14:OriginDest>
                    </ns14:OriginDestList>
                    <ns14:PaxJourneyList>
                        <ns14:PaxJourney>
                            <ns14:Duration>P0Y0M0DT2H10M0S</ns14:Duration>
                            <ns14:PaxJourneyID>PJ7</ns14:PaxJourneyID>
                            <ns14:PaxSegmentRefID>SEG7</ns14:PaxSegmentRefID>
                        </ns14:PaxJourney>
                    </ns14:PaxJourneyList>
                    <ns14:PaxList>
                        <ns14:Pax>
                            <ns14:Birthdate>1986-01-01</ns14:Birthdate>
                            <ns14:ContactInfoRefID>CONT1</ns14:ContactInfoRefID>
                            <ns14:Individual>
                                <ns14:GenderCode>M</ns14:GenderCode>
                                <ns14:GivenName>EXPLORER</ns14:GivenName>
                                <ns14:Surname>FLYINGBLUE</ns14:Surname>
                                <ns14:TitleName>MR</ns14:TitleName>
                            </ns14:Individual>
                            <ns14:LoyaltyProgramAccount>
                                <ns14:AccountNumber>2083488723</ns14:AccountNumber>
                                <ns14:LoyaltyProgram>
                                    <ns14:ProgramCode>FB</ns14:ProgramCode>
                                </ns14:LoyaltyProgram>
                            </ns14:LoyaltyProgramAccount>
                            <ns14:PaxID>PAX1</ns14:PaxID>
                            <ns14:PTC>ADT</ns14:PTC>
                        </ns14:Pax>
                    </ns14:PaxList>
                    <ns14:PaxSegmentList>
                        <ns14:PaxSegment>
                            <ns14:Arrival>
                                <ns14:AircraftScheduledDateTime>2021-11-25T09:10:00.000+01:00</ns14:AircraftScheduledDateTime>
                                <ns14:IATA_LocationCode>ROM</ns14:IATA_LocationCode>
                                <ns14:TerminalName>1</ns14:TerminalName>
                            </ns14:Arrival>
                            <ns14:Dep>
                                <ns14:AircraftScheduledDateTime>2021-11-25T07:00:00.000+01:00</ns14:AircraftScheduledDateTime>
                                <ns14:IATA_LocationCode>PAR</ns14:IATA_LocationCode>
                                <ns14:TerminalName>2F</ns14:TerminalName>
                            </ns14:Dep>
                            <ns14:Duration>P0Y0M0DT2H10M0S</ns14:Duration>
                            <ns14:MarketingCarrierInfo>
                                <ns14:CarrierDesigCode>AF</ns14:CarrierDesigCode>
                                <ns14:MarketingCarrierFlightNumberText>1204</ns14:MarketingCarrierFlightNumberText>
                            </ns14:MarketingCarrierInfo>
                            <ns14:OperatingCarrierInfo>
                                <ns14:CarrierDesigCode>AF</ns14:CarrierDesigCode>
                            </ns14:OperatingCarrierInfo>
                            <ns14:PaxSegmentID>SEG7</ns14:PaxSegmentID>
                        </ns14:PaxSegment>
                    </ns14:PaxSegmentList>
                    <ns14:PriceClassList>
                        <ns14:PriceClass>
                            <ns14:CabinType>
                                <ns14:CabinTypeName>ECONOMY</ns14:CabinTypeName>
                            </ns14:CabinType>
                            <ns14:Desc>
                                <ns14:DescText>1 hand baggage item and 1 accessory only (12 kg total*)</ns14:DescText>
                            </ns14:Desc>
                            <ns14:Desc>
                                <ns14:DescText>Cancellation is not possible</ns14:DescText>
                            </ns14:Desc>
                            <ns14:Desc>
                                <ns14:DescText>Change fee + fare difference</ns14:DescText>
                            </ns14:Desc>
                            <ns14:Desc>
                                <ns14:DescText>No refund if you missed your flight</ns14:DescText>
                            </ns14:Desc>
                            <ns14:Desc>
                                <ns14:DescText>* This applies to flights operated by KLM or Air France. For other airlines, please check the airline's website for baggage rules</ns14:DescText>
                            </ns14:Desc>
                            <ns14:Name>Light</ns14:Name>
                            <ns14:PriceClassID>PC1</ns14:PriceClassID>
                        </ns14:PriceClass>
                    </ns14:PriceClassList>
                    <ns14:ServiceDefinitionList>
                        <ns14:ServiceDefinition>
                            <ns14:Desc>
                                <ns14:DescText>Bag Included</ns14:DescText>
                            </ns14:Desc>
                            <ns14:Name>Bag Included</ns14:Name>
                            <ns14:ServiceDefinitionAssociation>
                                <ns14:BaggageAllowanceRefID>BA2</ns14:BaggageAllowanceRefID>
                            </ns14:ServiceDefinitionAssociation>
                            <ns14:ServiceDefinitionID>SD1</ns14:ServiceDefinitionID>
                        </ns14:ServiceDefinition>
                    </ns14:ServiceDefinitionList>
                </ns14:DataLists>
                <ns14:Order>
                    <ns14:BookingRef>
                        <ns14:BookingEntity>
                            <ns14:Carrier>
                                <ns14:AirlineDesigCode>AF</ns14:AirlineDesigCode>
                            </ns14:Carrier>
                        </ns14:BookingEntity>
                        <ns14:BookingID>R5Z4SE</ns14:BookingID>
                    </ns14:BookingRef>
                    <ns14:BookingRef>
                        <ns14:BookingEntity>
                            <ns14:Org>
                                <ns14:Name>ORCHESTRA</ns14:Name>
                                <ns14:OrgID>ORCHESTRA</ns14:OrgID>
                            </ns14:Org>
                        </ns14:BookingEntity>
                        <ns14:BookingID>R5Z4SE</ns14:BookingID>
                    </ns14:BookingRef>
                    <ns14:OrderID>1968</ns14:OrderID>
                    <ns14:OrderItem>
                        <ns14:FareDetail>
                            <ns14:FareComponent>
                                <ns14:CabinType>
                                    <ns14:CabinTypeCode>M</ns14:CabinTypeCode>
                                    <ns14:CabinTypeName>ECONOMY</ns14:CabinTypeName>
                                </ns14:CabinType>
                                <ns14:FareBasisCode>GS50BALG</ns14:FareBasisCode>
                                <ns14:PaxSegmentRefID>SEG7</ns14:PaxSegmentRefID>
                                <ns14:PriceClassRefID>PC1</ns14:PriceClassRefID>
                            </ns14:FareComponent>
                            <ns14:FarePriceType>
                                <ns14:FarePriceTypeCode>70J</ns14:FarePriceTypeCode>
                                <ns14:Price>
                                    <ns14:BaseAmount CurCode="EUR">33.00000000000000000000</ns14:BaseAmount>
                                    <ns14:TaxSummary>
                                        <ns14:Tax>
                                            <ns14:Amount CurCode="EUR">31.02000000000000000000</ns14:Amount>
                                            <ns14:TaxCode>GENERAL_TAXES_PAX_1</ns14:TaxCode>
                                            <ns14:TaxName>Taxes - PAX1</ns14:TaxName>
                                        </ns14:Tax>
                                        <ns14:TotalTaxAmount CurCode="EUR">31.02000000000000000000</ns14:TotalTaxAmount>
                                    </ns14:TaxSummary>
                                    <ns14:TotalAmount CurCode="EUR">64.02000000000000000000</ns14:TotalAmount>
                                </ns14:Price>
                            </ns14:FarePriceType>
                            <ns14:PaxRefID>PAX1</ns14:PaxRefID>
                        </ns14:FareDetail>
                        <ns14:OrderItemID>dff9b1c3-e878-40d0-91fd-f9ff8e27feba</ns14:OrderItemID>
                        <ns14:Price>
                            <ns14:BaseAmount CurCode="EUR">33.00000000000000000000</ns14:BaseAmount>
                            <ns14:TaxSummary>
                                <ns14:Tax>
                                    <ns14:Amount CurCode="EUR">31.02000000000000000000</ns14:Amount>
                                    <ns14:TaxCode>GENERAL_TAXES_PAX_1</ns14:TaxCode>
                                    <ns14:TaxName>Taxes - PAX1</ns14:TaxName>
                                </ns14:Tax>
                                <ns14:TotalTaxAmount CurCode="EUR">31.02000000000000000000</ns14:TotalTaxAmount>
                            </ns14:TaxSummary>
                            <ns14:TotalAmount CurCode="EUR">64.02000000000000000000</ns14:TotalAmount>
                        </ns14:Price>
                        <ns14:Service>
                            <ns14:PaxRefID>PAX1</ns14:PaxRefID>
                            <ns14:ServiceAssociations>
                                <ns14:PaxSegmentRefID>SEG7</ns14:PaxSegmentRefID>
                            </ns14:ServiceAssociations>
                            <ns14:ServiceID>SV27</ns14:ServiceID>
                            <ns14:StatusCode>K</ns14:StatusCode>
                        </ns14:Service>
                        <ns14:Service>
                            <ns14:PaxRefID>PAX1</ns14:PaxRefID>
                            <ns14:ServiceAssociations>
                                <ns14:ServiceDefinitionRef>
                                    <ns14:FlightAssociations>
                                        <ns14:PaxSegmentRefID>SEG7</ns14:PaxSegmentRefID>
                                    </ns14:FlightAssociations>
                                    <ns14:ServiceDefinitionRefID>SD1</ns14:ServiceDefinitionRefID>
                                </ns14:ServiceDefinitionRef>
                            </ns14:ServiceAssociations>
                            <ns14:ServiceID>SV28</ns14:ServiceID>
                        </ns14:Service>
                    </ns14:OrderItem>
                    <ns14:OrderItem>
                        <ns14:FareDetail>
                            <ns14:FareComponent>
                                <ns14:CabinType>
                                    <ns14:CabinTypeCode>M</ns14:CabinTypeCode>
                                    <ns14:CabinTypeName>ECONOMY</ns14:CabinTypeName>
                                </ns14:CabinType>
                                <ns14:FareBasisCode>GS50BALG</ns14:FareBasisCode>
                                <ns14:PaxSegmentRefID>SEG7</ns14:PaxSegmentRefID>
                                <ns14:PriceClassRefID>PC1</ns14:PriceClassRefID>
                            </ns14:FareComponent>
                            <ns14:FarePriceType>
                                <ns14:FarePriceTypeCode>70J</ns14:FarePriceTypeCode>
                                <ns14:Price>
                                    <ns14:BaseAmount CurCode="EUR">30.00</ns14:BaseAmount>
                                    <ns14:TotalAmount CurCode="EUR">30.00</ns14:TotalAmount>
                                </ns14:Price>
                            </ns14:FarePriceType>
                        </ns14:FareDetail>
                        <ns14:OrderItemID>61ccb399-0a07-4927-b970-b13d79a1f91d</ns14:OrderItemID>
                        <ns14:Price>
                            <ns14:BaseAmount CurCode="EUR">30.00</ns14:BaseAmount>
                            <ns14:TotalAmount CurCode="EUR">30.00</ns14:TotalAmount>
                        </ns14:Price>
                        <ns14:Service>
                            <ns14:PaxRefID>PAX1</ns14:PaxRefID>
                            <ns14:ServiceAssociations>
                                <ns14:PaxSegmentRefID>SEG7</ns14:PaxSegmentRefID>
                            </ns14:ServiceAssociations>
                            <ns14:ServiceID>SV29</ns14:ServiceID>
                            <ns14:StatusCode>K</ns14:StatusCode>
                        </ns14:Service>
                        <ns14:Service>
                            <ns14:PaxRefID>PAX1</ns14:PaxRefID>
                            <ns14:ServiceAssociations>
                                <ns14:ServiceDefinitionRef>
                                    <ns14:FlightAssociations>
                                        <ns14:PaxSegmentRefID>SEG7</ns14:PaxSegmentRefID>
                                    </ns14:FlightAssociations>
                                    <ns14:ServiceDefinitionRefID>SD1</ns14:ServiceDefinitionRefID>
                                </ns14:ServiceDefinitionRef>
                            </ns14:ServiceAssociations>
                            <ns14:ServiceID>SV30</ns14:ServiceID>
                        </ns14:Service>
                    </ns14:OrderItem>
                    <ns14:OwnerCode>AF</ns14:OwnerCode>
                    <ns14:StatusCode>OPENED</ns14:StatusCode>
                    <ns14:TotalPrice>
                        <ns14:BaseAmount CurCode="EUR">63.00000000000000000000</ns14:BaseAmount>
                        <ns14:TaxSummary>
                            <ns14:Tax>
                                <ns14:Amount CurCode="EUR">31.02000000000000000000</ns14:Amount>
                                <ns14:TaxCode>GENERAL_TAXES_PAX_1</ns14:TaxCode>
                                <ns14:TaxName>Taxes - PAX1</ns14:TaxName>
                            </ns14:Tax>
                            <ns14:TotalTaxAmount CurCode="EUR">31.02000000000000000000</ns14:TotalTaxAmount>
                        </ns14:TaxSummary>
                        <ns14:TotalAmount CurCode="EUR">94.02000000000000000000</ns14:TotalAmount>
                    </ns14:TotalPrice>
                </ns14:Order>
            </ns14:Response>
            <ns14:PayloadAttributes>
                <ns14:CorrelationID>ded13b93-d2ef-3c3b-8ea8-0bb7f4c1a4fd</ns14:CorrelationID>
                <ns14:Timestamp>2021-07-28T17:36:55.929+02:00</ns14:Timestamp>
                <ns14:VersionNumber>19.2</ns14:VersionNumber>
            </ns14:PayloadAttributes>
        </ns14:IATA_OrderViewRS>
    </S:Body>
</S:Envelope>
